<?xml version="1.0" encoding="UTF-8"?>
<TrainingCenterDatabase
  xsi:schemaLocation="http://www.garmin.com/xmlschemas/TrainingCenterDatabase/v2 http://www.garmin.com/xmlschemas/TrainingCenterDatabasev2.xsd"
  xmlns:ns5="http://www.garmin.com/xmlschemas/ActivityGoals/v1"
  xmlns:ns3="http://www.garmin.com/xmlschemas/ActivityExtension/v2"
  xmlns:ns2="http://www.garmin.com/xmlschemas/UserProfile/v2"
  xmlns="http://www.garmin.com/xmlschemas/TrainingCenterDatabase/v2"
  xmlns:xsi="http://www.w3.org/2001/XMLSchema-instance" xmlns:ns4="http://www.garmin.com/xmlschemas/ProfileExtension/v1">
  <Activities>
    <Activity Sport="Other">
      <Id>2026-08-25T06:28:17.000Z</Id>
      <Lap StartTime="2026-08-25T06:28:17.000Z">
        <TotalTimeSeconds>760.395</TotalTimeSeconds>
        <DistanceMeters>1000.0</DistanceMeters>
        <MaximumSpeed>2.2669999599456787</MaximumSpeed>
        <Calories>72</Calories>
        <AverageHeartRateBpm>
          <Value>105</Value>
        </AverageHeartRateBpm>
        <MaximumHeartRateBpm>
          <Value>118</Value>
        </MaximumHeartRateBpm>
        <Intensity>Active</Intensity>
        <TriggerMethod>Manual</TriggerMethod>
        <Track>
          <Trackpoint>
            <Time>2026-08-25T06:28:17.000Z</Time>
            <AltitudeMeters>32.599998474121094</AltitudeMeters>
            <DistanceMeters>1.2300000190734863</DistanceMeters>
            <HeartRateBpm>
              <Value>106</Value>
            </HeartRateBpm>
            <Extensions>
              <ns3:TPX>
                <ns3:Speed>1.2319999933242798</ns3:Speed>
              </ns3:TPX>
            </Extensions>
          </Trackpoint>
          <Trackpoint>
            <Time>2026-08-25T06:28:21.000Z</Time>
            <Position>
              <LatitudeDegrees>42.15649693273008</LatitudeDegrees>
              <LongitudeDegrees>-8.61949609592557</LongitudeDegrees>
            </Position>
            <AltitudeMeters>32.599998474121094</AltitudeMeters>
            <DistanceMeters>3.859999895095825</DistanceMeters>
            <HeartRateBpm>
              <Value>106</Value>
            </HeartRateBpm>
            <Extensions>
              <ns3:TPX>
                <ns3:Speed>0.0</ns3:Speed>
              </ns3:TPX>
            </Extensions>
          </Trackpoint>
          <Trackpoint>
            <Time>2026-08-25T06:28:22.000Z</Time>
            <Position>
              <LatitudeDegrees>42.15650397352874</LatitudeDegrees>
              <LongitudeDegrees>-8.619480086490512</LongitudeDegrees>
            </Position>
            <AltitudeMeters>32.599998474121094</AltitudeMeters>
            <DistanceMeters>5.099999904632568</DistanceMeters>
            <HeartRateBpm>
              <Value>106</Value>
            </HeartRateBpm>
            <Extensions>
              <ns3:TPX>
                <ns3:Speed>0.0</ns3:Speed>
              </ns3:TPX>
            </Extensions>
          </Trackpoint>
          <Trackpoint>
            <Time>2026-08-25T06:28:29.000Z</Time>
            <Position>
              <LatitudeDegrees>42.15660807676613</LatitudeDegrees>
              <LongitudeDegrees>-8.619441278278828</LongitudeDegrees>
            </Position>
            <AltitudeMeters>32.400001525878906</AltitudeMeters>
            <DistanceMeters>17.8700008392334</DistanceMeters>
            <HeartRateBpm>
              <Value>108</Value>
            </HeartRateBpm>
            <Extensions>
              <ns3:TPX>
                <ns3:Speed>1.4739999771118164</ns3:Speed>
              </ns3:TPX>
            </Extensions>
          </Trackpoint>
          <Trackpoint>
            <Time>2026-08-25T06:28:36.000Z</Time>
            <Position>
              <LatitudeDegrees>42.15670756995678</LatitudeDegrees>
              <LongitudeDegrees>-8.619471788406372</LongitudeDegrees>
            </Position>
            <AltitudeMeters>32.400001525878906</AltitudeMeters>
            <DistanceMeters>29.360000610351562</DistanceMeters>
            <HeartRateBpm>
              <Value>107</Value>
            </HeartRateBpm>
            <Extensions>
              <ns3:TPX>
                <ns3:Speed>1.4930000305175781</ns3:Speed>
              </ns3:TPX>
            </Extensions>
          </Trackpoint>
          <Trackpoint>
            <Time>2026-08-25T06:28:45.000Z</Time>
            <Position>
              <LatitudeDegrees>42.156792310997844</LatitudeDegrees>
              <LongitudeDegrees>-8.619477739557624</LongitudeDegrees>
            </Position>
            <AltitudeMeters>32.599998474121094</AltitudeMeters>
            <DistanceMeters>38.90999984741211</DistanceMeters>
            <HeartRateBpm>
              <Value>105</Value>
            </HeartRateBpm>
            <Extensions>
              <ns3:TPX>
                <ns3:Speed>1.315999984741211</ns3:Speed>
              </ns3:TPX>
            </Extensions>
          </Trackpoint>
          <Trackpoint>
            <Time>2026-08-25T06:28:47.000Z</Time>
            <Position>
              <LatitudeDegrees>42.15679356828332</LatitudeDegrees>
              <LongitudeDegrees>-8.619475308805704</LongitudeDegrees>
            </Position>
            <AltitudeMeters>32.599998474121094</AltitudeMeters>
            <DistanceMeters>39.2400016784668</DistanceMeters>
            <HeartRateBpm>
              <Value>102</Value>
            </HeartRateBpm>
            <Extensions>
              <ns3:TPX>
                <ns3:Speed>1.2879999876022339</ns3:Speed>
              </ns3:TPX>
            </Extensions>
          </Trackpoint>
          <Trackpoint>
            <Time>2026-08-25T06:28:52.000Z</Time>
            <Position>
              <LatitudeDegrees>42.156787952408195</LatitudeDegrees>
              <LongitudeDegrees>-8.61947312951088</LongitudeDegrees>
            </Position>
            <AltitudeMeters>32.20000076293945</AltitudeMeters>
            <DistanceMeters>39.2400016784668</DistanceMeters>
            <HeartRateBpm>
              <Value>100</Value>
            </HeartRateBpm>
            <Extensions>
              <ns3:TPX>
                <ns3:Speed>0.625</ns3:Speed>
              </ns3:TPX>
            </Extensions>
          </Trackpoint>
          <Trackpoint>
            <Time>2026-08-25T06:28:57.000Z</Time>
            <Position>
              <LatitudeDegrees>42.156854420900345</LatitudeDegrees>
              <LongitudeDegrees>-8.619488384574652</LongitudeDegrees>
            </Position>
            <AltitudeMeters>32.20000076293945</AltitudeMeters>
            <DistanceMeters>46.29999923706055</DistanceMeters>
            <HeartRateBpm>
              <Value>100</Value>
            </HeartRateBpm>
            <Extensions>
              <ns3:TPX>
                <ns3:Speed>1.371999979019165</ns3:Speed>
              </ns3:TPX>
            </Extensions>
          </Trackpoint>
          <Trackpoint>
            <Time>2026-08-25T06:29:06.000Z</Time>
            <Position>
              <LatitudeDegrees>42.15697889216244</LatitudeDegrees>
              <LongitudeDegrees>-8.619502633810043</LongitudeDegrees>
            </Position>
            <AltitudeMeters>32.400001525878906</AltitudeMeters>
            <DistanceMeters>61.31999969482422</DistanceMeters>
            <HeartRateBpm>
              <Value>97</Value>
            </HeartRateBpm>
            <Extensions>
              <ns3:TPX>
                <ns3:Speed>1.5299999713897705</ns3:Speed>
              </ns3:TPX>
            </Extensions>
          </Trackpoint>
          <Trackpoint>
            <Time>2026-08-25T06:29:07.000Z</Time>
            <Position>
              <LatitudeDegrees>42.15698920190334</LatitudeDegrees>
              <LongitudeDegrees>-8.619504729285836</LongitudeDegrees>
            </Position>
            <AltitudeMeters>32.599998474121094</AltitudeMeters>
            <DistanceMeters>62.43000030517578</DistanceMeters>
            <HeartRateBpm>
              <Value>96</Value>
            </HeartRateBpm>
            <Extensions>
              <ns3:TPX>
                <ns3:Speed>1.4930000305175781</ns3:Speed>
              </ns3:TPX>
            </Extensions>
          </Trackpoint>
          <Trackpoint>
            <Time>2026-08-25T06:29:13.000Z</Time>
            <Position>
              <LatitudeDegrees>42.15704611502588</LatitudeDegrees>
              <LongitudeDegrees>-8.619516463950276</LongitudeDegrees>
            </Position>
            <AltitudeMeters>32.599998474121094</AltitudeMeters>
            <DistanceMeters>68.63999938964844</DistanceMeters>
            <HeartRateBpm>
              <Value>95</Value>
            </HeartRateBpm>
            <Extensions>
              <ns3:TPX>
                <ns3:Speed>1.2599999904632568</ns3:Speed>
              </ns3:TPX>
            </Extensions>
          </Trackpoint>
          <Trackpoint>
            <Time>2026-08-25T06:29:20.000Z</Time>
            <Position>
              <LatitudeDegrees>42.15714535675943</LatitudeDegrees>
              <LongitudeDegrees>-8.619519313797355</LongitudeDegrees>
            </Position>
            <AltitudeMeters>32.79999923706055</AltitudeMeters>
            <DistanceMeters>79.62000274658203</DistanceMeters>
            <HeartRateBpm>
              <Value>95</Value>
            </HeartRateBpm>
            <Extensions>
              <ns3:TPX>
                <ns3:Speed>1.305999994277954</ns3:Speed>
              </ns3:TPX>
            </Extensions>
          </Trackpoint>
          <Trackpoint>
            <Time>2026-08-25T06:29:28.000Z</Time>
            <Position>
              <LatitudeDegrees>42.15726211667061</LatitudeDegrees>
              <LongitudeDegrees>-8.619552087038755</LongitudeDegrees>
            </Position>
            <AltitudeMeters>33.0</AltitudeMeters>
            <DistanceMeters>92.91000366210938</DistanceMeters>
            <HeartRateBpm>
              <Value>97</Value>
            </HeartRateBpm>
            <Extensions>
              <ns3:TPX>
                <ns3:Speed>1.5859999656677246</ns3:Speed>
              </ns3:TPX>
            </Extensions>
          </Trackpoint>
          <Trackpoint>
            <Time>2026-08-25T06:29:37.000Z</Time>
            <Position>
              <LatitudeDegrees>42.15736144222319</LatitudeDegrees>
              <LongitudeDegrees>-8.619555355980992</LongitudeDegrees>
            </Position>
            <AltitudeMeters>33.20000076293945</AltitudeMeters>
            <DistanceMeters>103.93000030517578</DistanceMeters>
            <HeartRateBpm>
              <Value>98</Value>
            </HeartRateBpm>
            <Extensions>
              <ns3:TPX>
                <ns3:Speed>1.5119999647140503</ns3:Speed>
              </ns3:TPX>
            </Extensions>
          </Trackpoint>
          <Trackpoint>
            <Time>2026-08-25T06:29:39.000Z</Time>
            <Position>
              <LatitudeDegrees>42.15738398954272</LatitudeDegrees>
              <LongitudeDegrees>-8.619556780904531</LongitudeDegrees>
            </Position>
            <AltitudeMeters>33.20000076293945</AltitudeMeters>
            <DistanceMeters>106.47000122070312</DistanceMeters>
            <HeartRateBpm>
              <Value>99</Value>
            </HeartRateBpm>
            <Extensions>
              <ns3:TPX>
                <ns3:Speed>1.4839999675750732</ns3:Speed>
              </ns3:TPX>
            </Extensions>
          </Trackpoint>
          <Trackpoint>
            <Time>2026-08-25T06:29:45.000Z</Time>
            <Position>
              <LatitudeDegrees>42.1574626956135</LatitudeDegrees>
              <LongitudeDegrees>-8.619559546932578</LongitudeDegrees>
            </Position>
            <AltitudeMeters>33.400001525878906</AltitudeMeters>
            <DistanceMeters>115.19999694824219</DistanceMeters>
            <HeartRateBpm>
              <Value>102</Value>
            </HeartRateBpm>
            <Extensions>
              <ns3:TPX>
                <ns3:Speed>1.4559999704360962</ns3:Speed>
              </ns3:TPX>
            </Extensions>
          </Trackpoint>
          <Trackpoint>
            <Time>2026-08-25T06:29:47.000Z</Time>
            <Position>
              <LatitudeDegrees>42.15748256072402</LatitudeDegrees>
              <LongitudeDegrees>-8.61956155858934</LongitudeDegrees>
            </Position>
            <AltitudeMeters>33.20000076293945</AltitudeMeters>
            <DistanceMeters>117.55999755859375</DistanceMeters>
            <HeartRateBpm>
              <Value>102</Value>
            </HeartRateBpm>
            <Extensions>
              <ns3:TPX>
                <ns3:Speed>1.4559999704360962</ns3:Speed>
              </ns3:TPX>
            </Extensions>
          </Trackpoint>
          <Trackpoint>
            <Time>2026-08-25T06:29:55.000Z</Time>
            <Position>
              <LatitudeDegrees>42.15758230537176</LatitudeDegrees>
              <LongitudeDegrees>-8.619587291032076</LongitudeDegrees>
            </Position>
            <AltitudeMeters>33.400001525878906</AltitudeMeters>
            <DistanceMeters>128.42999267578125</DistanceMeters>
            <HeartRateBpm>
              <Value>103</Value>
            </HeartRateBpm>
            <Extensions>
              <ns3:TPX>
                <ns3:Speed>1.4279999732971191</ns3:Speed>
              </ns3:TPX>
            </Extensions>
          </Trackpoint>
          <Trackpoint>
            <Time>2026-08-25T06:30:02.000Z</Time>
            <Position>
              <LatitudeDegrees>42.15767249464989</LatitudeDegrees>
              <LongitudeDegrees>-8.619599780067801</LongitudeDegrees>
            </Position>
            <AltitudeMeters>33.599998474121094</AltitudeMeters>
            <DistanceMeters>138.80999755859375</DistanceMeters>
            <HeartRateBpm>
              <Value>104</Value>
            </HeartRateBpm>
            <Extensions>
              <ns3:TPX>
                <ns3:Speed>1.4459999799728394</ns3:Speed>
              </ns3:TPX>
            </Extensions>
          </Trackpoint>
          <Trackpoint>
            <Time>2026-08-25T06:30:07.000Z</Time>
            <Position>
              <LatitudeDegrees>42.15773125179112</LatitudeDegrees>
              <LongitudeDegrees>-8.619602797552943</LongitudeDegrees>
            </Position>
            <AltitudeMeters>33.400001525878906</AltitudeMeters>
            <DistanceMeters>145.5500030517578</DistanceMeters>
            <HeartRateBpm>
              <Value>105</Value>
            </HeartRateBpm>
            <Extensions>
              <ns3:TPX>
                <ns3:Speed>1.437000036239624</ns3:Speed>
              </ns3:TPX>
            </Extensions>
          </Trackpoint>
          <Trackpoint>
            <Time>2026-08-25T06:30:16.000Z</Time>
            <Position>
              <LatitudeDegrees>42.15784935280681</LatitudeDegrees>
              <LongitudeDegrees>-8.619600953534245</LongitudeDegrees>
            </Position>
            <AltitudeMeters>33.599998474121094</AltitudeMeters>
            <DistanceMeters>158.08999633789062</DistanceMeters>
            <HeartRateBpm>
              <Value>107</Value>
            </HeartRateBpm>
            <Extensions>
              <ns3:TPX>
                <ns3:Speed>1.4179999828338623</ns3:Speed>
              </ns3:TPX>
            </Extensions>
          </Trackpoint>
          <Trackpoint>
            <Time>2026-08-25T06:30:25.000Z</Time>
            <Position>
              <LatitudeDegrees>42.157966531813145</LatitudeDegrees>
              <LongitudeDegrees>-8.619613945484161</LongitudeDegrees>
            </Position>
            <AltitudeMeters>34.0</AltitudeMeters>
            <DistanceMeters>171.86000061035156</DistanceMeters>
            <HeartRateBpm>
              <Value>108</Value>
            </HeartRateBpm>
            <Extensions>
              <ns3:TPX>
                <ns3:Speed>1.437000036239624</ns3:Speed>
              </ns3:TPX>
            </Extensions>
          </Trackpoint>
          <Trackpoint>
            <Time>2026-08-25T06:30:35.000Z</Time>
            <Position>
              <LatitudeDegrees>42.15809661895037</LatitudeDegrees>
              <LongitudeDegrees>-8.619648311287165</LongitudeDegrees>
            </Position>
            <AltitudeMeters>34.400001525878906</AltitudeMeters>
            <DistanceMeters>186.14999389648438</DistanceMeters>
            <HeartRateBpm>
              <Value>108</Value>
            </HeartRateBpm>
            <Extensions>
              <ns3:TPX>
                <ns3:Speed>1.437000036239624</ns3:Speed>
              </ns3:TPX>
            </Extensions>
          </Trackpoint>
          <Trackpoint>
            <Time>2026-08-25T06:30:38.000Z</Time>
            <Position>
              <LatitudeDegrees>42.1581363491714</LatitudeDegrees>
              <LongitudeDegrees>-8.619662476703525</LongitudeDegrees>
            </Position>
            <AltitudeMeters>34.599998474121094</AltitudeMeters>
            <DistanceMeters>191.02000427246094</DistanceMeters>
            <HeartRateBpm>
              <Value>108</Value>
            </HeartRateBpm>
            <Extensions>
              <ns3:TPX>
                <ns3:Speed>1.437000036239624</ns3:Speed>
              </ns3:TPX>
            </Extensions>
          </Trackpoint>
          <Trackpoint>
            <Time>2026-08-25T06:30:45.000Z</Time>
            <Position>
              <LatitudeDegrees>42.15821555815637</LatitudeDegrees>
              <LongitudeDegrees>-8.619662644341588</LongitudeDegrees>
            </Position>
            <AltitudeMeters>34.79999923706055</AltitudeMeters>
            <DistanceMeters>199.38999938964844</DistanceMeters>
            <HeartRateBpm>
              <Value>107</Value>
            </HeartRateBpm>
            <Extensions>
              <ns3:TPX>
                <ns3:Speed>1.4279999732971191</ns3:Speed>
              </ns3:TPX>
            </Extensions>
          </Trackpoint>
          <Trackpoint>
            <Time>2026-08-25T06:30:53.000Z</Time>
            <Position>
              <LatitudeDegrees>42.158318823203444</LatitudeDegrees>
              <LongitudeDegrees>-8.619664069265127</LongitudeDegrees>
            </Position>
            <AltitudeMeters>35.0</AltitudeMeters>
            <DistanceMeters>211.10000610351562</DistanceMeters>
            <HeartRateBpm>
              <Value>111</Value>
            </HeartRateBpm>
            <Extensions>
              <ns3:TPX>
                <ns3:Speed>1.437000036239624</ns3:Speed>
              </ns3:TPX>
            </Extensions>
          </Trackpoint>
          <Trackpoint>
            <Time>2026-08-25T06:30:54.000Z</Time>
            <Position>
              <LatitudeDegrees>42.15833122842014</LatitudeDegrees>
              <LongitudeDegrees>-8.619660716503859</LongitudeDegrees>
            </Position>
            <AltitudeMeters>35.0</AltitudeMeters>
            <DistanceMeters>212.52999877929688</DistanceMeters>
            <HeartRateBpm>
              <Value>113</Value>
            </HeartRateBpm>
            <Extensions>
              <ns3:TPX>
                <ns3:Speed>1.437000036239624</ns3:Speed>
              </ns3:TPX>
            </Extensions>
          </Trackpoint>
          <Trackpoint>
            <Time>2026-08-25T06:30:56.000Z</Time>
            <Position>
              <LatitudeDegrees>42.158352015540004</LatitudeDegrees>
              <LongitudeDegrees>-8.619660632684827</LongitudeDegrees>
            </Position>
            <AltitudeMeters>35.0</AltitudeMeters>
            <DistanceMeters>214.92999267578125</DistanceMeters>
            <HeartRateBpm>
              <Value>116</Value>
            </HeartRateBpm>
            <Extensions>
              <ns3:TPX>
                <ns3:Speed>1.437000036239624</ns3:Speed>
              </ns3:TPX>
            </Extensions>
          </Trackpoint>
          <Trackpoint>
            <Time>2026-08-25T06:31:03.000Z</Time>
            <Position>
              <LatitudeDegrees>42.15843935497105</LatitudeDegrees>
              <LongitudeDegrees>-8.619671110063791</LongitudeDegrees>
            </Position>
            <AltitudeMeters>35.599998474121094</AltitudeMeters>
            <DistanceMeters>224.52000427246094</DistanceMeters>
            <HeartRateBpm>
              <Value>113</Value>
            </HeartRateBpm>
            <Extensions>
              <ns3:TPX>
                <ns3:Speed>1.4179999828338623</ns3:Speed>
              </ns3:TPX>
            </Extensions>
          </Trackpoint>
          <Trackpoint>
            <Time>2026-08-25T06:31:04.000Z</Time>
            <Position>
              <LatitudeDegrees>42.15845167636871</LatitudeDegrees>
              <LongitudeDegrees>-8.619672786444426</LongitudeDegrees>
            </Position>
            <AltitudeMeters>35.599998474121094</AltitudeMeters>
            <DistanceMeters>225.69000244140625</DistanceMeters>
            <HeartRateBpm>
              <Value>112</Value>
            </HeartRateBpm>
            <Extensions>
              <ns3:TPX>
                <ns3:Speed>1.4179999828338623</ns3:Speed>
              </ns3:TPX>
            </Extensions>
          </Trackpoint>
          <Trackpoint>
            <Time>2026-08-25T06:31:06.000Z</Time>
            <Position>
              <LatitudeDegrees>42.15847824700177</LatitudeDegrees>
              <LongitudeDegrees>-8.619676306843758</LongitudeDegrees>
            </Position>
            <AltitudeMeters>35.79999923706055</AltitudeMeters>
            <DistanceMeters>228.64999389648438</DistanceMeters>
            <HeartRateBpm>
              <Value>112</Value>
            </HeartRateBpm>
            <Extensions>
              <ns3:TPX>
                <ns3:Speed>1.409000039100647</ns3:Speed>
              </ns3:TPX>
            </Extensions>
          </Trackpoint>
          <Trackpoint>
            <Time>2026-08-25T06:31:14.000Z</Time>
            <Position>
              <LatitudeDegrees>42.158572962507606</LatitudeDegrees>
              <LongitudeDegrees>-8.619698351249099</LongitudeDegrees>
            </Position>
            <AltitudeMeters>36.20000076293945</AltitudeMeters>
            <DistanceMeters>239.6300048828125</DistanceMeters>
            <HeartRateBpm>
              <Value>115</Value>
            </HeartRateBpm>
            <Extensions>
              <ns3:TPX>
                <ns3:Speed>1.409000039100647</ns3:Speed>
              </ns3:TPX>
            </Extensions>
          </Trackpoint>
          <Trackpoint>
            <Time>2026-08-25T06:31:17.000Z</Time>
            <Position>
              <LatitudeDegrees>42.158605651929975</LatitudeDegrees>
              <LongitudeDegrees>-8.619710253551602</LongitudeDegrees>
            </Position>
            <AltitudeMeters>36.400001525878906</AltitudeMeters>
            <DistanceMeters>243.33999633789062</DistanceMeters>
            <HeartRateBpm>
              <Value>114</Value>
            </HeartRateBpm>
            <Extensions>
              <ns3:TPX>
                <ns3:Speed>1.399999976158142</ns3:Speed>
              </ns3:TPX>
            </Extensions>
          </Trackpoint>
          <Trackpoint>
            <Time>2026-08-25T06:31:23.000Z</Time>
            <Position>
              <LatitudeDegrees>42.15867547318339</LatitudeDegrees>
              <LongitudeDegrees>-8.619711007922888</LongitudeDegrees>
            </Position>
            <AltitudeMeters>36.79999923706055</AltitudeMeters>
            <DistanceMeters>250.99000549316406</DistanceMeters>
            <HeartRateBpm>
              <Value>113</Value>
            </HeartRateBpm>
            <Extensions>
              <ns3:TPX>
                <ns3:Speed>1.3899999856948853</ns3:Speed>
              </ns3:TPX>
            </Extensions>
          </Trackpoint>
          <Trackpoint>
            <Time>2026-08-25T06:31:25.000Z</Time>
            <Position>
              <LatitudeDegrees>42.158703468739986</LatitudeDegrees>
              <LongitudeDegrees>-8.61970916390419</LongitudeDegrees>
            </Position>
            <AltitudeMeters>36.79999923706055</AltitudeMeters>
            <DistanceMeters>254.00999450683594</DistanceMeters>
            <HeartRateBpm>
              <Value>114</Value>
            </HeartRateBpm>
            <Extensions>
              <ns3:TPX>
                <ns3:Speed>1.38100004196167</ns3:Speed>
              </ns3:TPX>
            </Extensions>
          </Trackpoint>
          <Trackpoint>
            <Time>2026-08-25T06:31:34.000Z</Time>
            <Position>
              <LatitudeDegrees>42.158817294985056</LatitudeDegrees>
              <LongitudeDegrees>-8.61969935707748</LongitudeDegrees>
            </Position>
            <AltitudeMeters>37.20000076293945</AltitudeMeters>
            <DistanceMeters>266.2099914550781</DistanceMeters>
            <HeartRateBpm>
              <Value>111</Value>
            </HeartRateBpm>
            <Extensions>
              <ns3:TPX>
                <ns3:Speed>1.371999979019165</ns3:Speed>
              </ns3:TPX>
            </Extensions>
          </Trackpoint>
          <Trackpoint>
            <Time>2026-08-25T06:31:35.000Z</Time>
            <Position>
              <LatitudeDegrees>42.1588322147727</LatitudeDegrees>
              <LongitudeDegrees>-8.619696842506528</LongitudeDegrees>
            </Position>
            <AltitudeMeters>37.20000076293945</AltitudeMeters>
            <DistanceMeters>267.94000244140625</DistanceMeters>
            <HeartRateBpm>
              <Value>109</Value>
            </HeartRateBpm>
            <Extensions>
              <ns3:TPX>
                <ns3:Speed>1.371999979019165</ns3:Speed>
              </ns3:TPX>
            </Extensions>
          </Trackpoint>
          <Trackpoint>
            <Time>2026-08-25T06:31:40.000Z</Time>
            <Position>
              <LatitudeDegrees>42.15889574959874</LatitudeDegrees>
              <LongitudeDegrees>-8.619689047336578</LongitudeDegrees>
            </Position>
            <AltitudeMeters>37.400001525878906</AltitudeMeters>
            <DistanceMeters>275.1700134277344</DistanceMeters>
            <HeartRateBpm>
              <Value>114</Value>
            </HeartRateBpm>
            <Extensions>
              <ns3:TPX>
                <ns3:Speed>1.38100004196167</ns3:Speed>
              </ns3:TPX>
            </Extensions>
          </Trackpoint>
          <Trackpoint>
            <Time>2026-08-25T06:31:43.000Z</Time>
            <Position>
              <LatitudeDegrees>42.15895190834999</LatitudeDegrees>
              <LongitudeDegrees>-8.619672786444426</LongitudeDegrees>
            </Position>
            <AltitudeMeters>37.599998474121094</AltitudeMeters>
            <DistanceMeters>281.5799865722656</DistanceMeters>
            <HeartRateBpm>
              <Value>116</Value>
            </HeartRateBpm>
            <Extensions>
              <ns3:TPX>
                <ns3:Speed>1.38100004196167</ns3:Speed>
              </ns3:TPX>
            </Extensions>
          </Trackpoint>
          <Trackpoint>
            <Time>2026-08-25T06:31:47.000Z</Time>
            <Position>
              <LatitudeDegrees>42.158995661884546</LatitudeDegrees>
              <LongitudeDegrees>-8.619662057608366</LongitudeDegrees>
            </Position>
            <AltitudeMeters>37.79999923706055</AltitudeMeters>
            <DistanceMeters>287.1099853515625</DistanceMeters>
            <HeartRateBpm>
              <Value>115</Value>
            </HeartRateBpm>
            <Extensions>
              <ns3:TPX>
                <ns3:Speed>1.3899999856948853</ns3:Speed>
              </ns3:TPX>
            </Extensions>
          </Trackpoint>
          <Trackpoint>
            <Time>2026-08-25T06:31:49.000Z</Time>
            <Position>
              <LatitudeDegrees>42.15901678428054</LatitudeDegrees>
              <LongitudeDegrees>-8.619654346257448</LongitudeDegrees>
            </Position>
            <AltitudeMeters>37.79999923706055</AltitudeMeters>
            <DistanceMeters>289.32000732421875</DistanceMeters>
            <HeartRateBpm>
              <Value>114</Value>
            </HeartRateBpm>
            <Extensions>
              <ns3:TPX>
                <ns3:Speed>1.3899999856948853</ns3:Speed>
              </ns3:TPX>
            </Extensions>
          </Trackpoint>
          <Trackpoint>
            <Time>2026-08-25T06:31:53.000Z</Time>
            <Position>
              <LatitudeDegrees>42.15904913842678</LatitudeDegrees>
              <LongitudeDegrees>-8.619648814201355</LongitudeDegrees>
            </Position>
            <AltitudeMeters>38.0</AltitudeMeters>
            <DistanceMeters>292.7200012207031</DistanceMeters>
            <HeartRateBpm>
              <Value>112</Value>
            </HeartRateBpm>
            <Extensions>
              <ns3:TPX>
                <ns3:Speed>1.38100004196167</ns3:Speed>
              </ns3:TPX>
            </Extensions>
          </Trackpoint>
          <Trackpoint>
            <Time>2026-08-25T06:31:55.000Z</Time>
            <Position>
              <LatitudeDegrees>42.159054251387715</LatitudeDegrees>
              <LongitudeDegrees>-8.619681671261787</LongitudeDegrees>
            </Position>
            <AltitudeMeters>38.0</AltitudeMeters>
            <DistanceMeters>295.4100036621094</DistanceMeters>
            <HeartRateBpm>
              <Value>111</Value>
            </HeartRateBpm>
            <Extensions>
              <ns3:TPX>
                <ns3:Speed>1.343999981880188</ns3:Speed>
              </ns3:TPX>
            </Extensions>
          </Trackpoint>
          <Trackpoint>
            <Time>2026-08-25T06:32:05.000Z</Time>
            <Position>
              <LatitudeDegrees>42.15907973237336</LatitudeDegrees>
              <LongitudeDegrees>-8.619852745905519</LongitudeDegrees>
            </Position>
            <AltitudeMeters>38.20000076293945</AltitudeMeters>
            <DistanceMeters>309.8800048828125</DistanceMeters>
            <HeartRateBpm>
              <Value>109</Value>
            </HeartRateBpm>
            <Extensions>
              <ns3:TPX>
                <ns3:Speed>1.38100004196167</ns3:Speed>
              </ns3:TPX>
            </Extensions>
          </Trackpoint>
          <Trackpoint>
            <Time>2026-08-25T06:32:13.000Z</Time>
            <Position>
              <LatitudeDegrees>42.15912960469723</LatitudeDegrees>
              <LongitudeDegrees>-8.619997585192323</LongitudeDegrees>
            </Position>
            <AltitudeMeters>38.400001525878906</AltitudeMeters>
            <DistanceMeters>323.05999755859375</DistanceMeters>
            <HeartRateBpm>
              <Value>109</Value>
            </HeartRateBpm>
            <Extensions>
              <ns3:TPX>
                <ns3:Speed>1.3899999856948853</ns3:Speed>
              </ns3:TPX>
            </Extensions>
          </Trackpoint>
          <Trackpoint>
            <Time>2026-08-25T06:32:21.000Z</Time>
            <Position>
              <LatitudeDegrees>42.15916212648153</LatitudeDegrees>
              <LongitudeDegrees>-8.620111243799329</LongitudeDegrees>
            </Position>
            <AltitudeMeters>38.20000076293945</AltitudeMeters>
            <DistanceMeters>333.75</DistanceMeters>
            <HeartRateBpm>
              <Value>109</Value>
            </HeartRateBpm>
            <Extensions>
              <ns3:TPX>
                <ns3:Speed>1.409000039100647</ns3:Speed>
              </ns3:TPX>
            </Extensions>
          </Trackpoint>
          <Trackpoint>
            <Time>2026-08-25T06:32:24.000Z</Time>
            <Position>
              <LatitudeDegrees>42.15917654335499</LatitudeDegrees>
              <LongitudeDegrees>-8.620144855231047</LongitudeDegrees>
            </Position>
            <AltitudeMeters>38.20000076293945</AltitudeMeters>
            <DistanceMeters>336.4700012207031</DistanceMeters>
            <HeartRateBpm>
              <Value>108</Value>
            </HeartRateBpm>
            <Extensions>
              <ns3:TPX>
                <ns3:Speed>1.3899999856948853</ns3:Speed>
              </ns3:TPX>
            </Extensions>
          </Trackpoint>
          <Trackpoint>
            <Time>2026-08-25T06:32:26.000Z</Time>
            <Position>
              <LatitudeDegrees>42.159196911379695</LatitudeDegrees>
              <LongitudeDegrees>-8.62016899511218</LongitudeDegrees>
            </Position>
            <AltitudeMeters>38.20000076293945</AltitudeMeters>
            <DistanceMeters>339.4100036621094</DistanceMeters>
            <HeartRateBpm>
              <Value>105</Value>
            </HeartRateBpm>
            <Extensions>
              <ns3:TPX>
                <ns3:Speed>1.38100004196167</ns3:Speed>
              </ns3:TPX>
            </Extensions>
          </Trackpoint>
          <Trackpoint>
            <Time>2026-08-25T06:32:27.000Z</Time>
            <Position>
              <LatitudeDegrees>42.15920554473996</LatitudeDegrees>
              <LongitudeDegrees>-8.62017972394824</LongitudeDegrees>
            </Position>
            <AltitudeMeters>38.20000076293945</AltitudeMeters>
            <DistanceMeters>340.67999267578125</DistanceMeters>
            <HeartRateBpm>
              <Value>102</Value>
            </HeartRateBpm>
            <Extensions>
              <ns3:TPX>
                <ns3:Speed>1.371999979019165</ns3:Speed>
              </ns3:TPX>
            </Extensions>
          </Trackpoint>
          <Trackpoint>
            <Time>2026-08-25T06:32:29.000Z</Time>
            <Position>
              <LatitudeDegrees>42.159229181706905</LatitudeDegrees>
              <LongitudeDegrees>-8.620195901021361</LongitudeDegrees>
            </Position>
            <AltitudeMeters>38.0</AltitudeMeters>
            <DistanceMeters>343.0</DistanceMeters>
            <HeartRateBpm>
              <Value>101</Value>
            </HeartRateBpm>
            <Extensions>
              <ns3:TPX>
                <ns3:Speed>1.371999979019165</ns3:Speed>
              </ns3:TPX>
            </Extensions>
          </Trackpoint>
          <Trackpoint>
            <Time>2026-08-25T06:32:36.000Z</Time>
            <Position>
              <LatitudeDegrees>42.159285843372345</LatitudeDegrees>
              <LongitudeDegrees>-8.62026714719832</LongitudeDegrees>
            </Position>
            <AltitudeMeters>37.400001525878906</AltitudeMeters>
            <DistanceMeters>353.7099914550781</DistanceMeters>
            <HeartRateBpm>
              <Value>102</Value>
            </HeartRateBpm>
            <Extensions>
              <ns3:TPX>
                <ns3:Speed>1.371999979019165</ns3:Speed>
              </ns3:TPX>
            </Extensions>
          </Trackpoint>
          <Trackpoint>
            <Time>2026-08-25T06:32:43.000Z</Time>
            <Position>
              <LatitudeDegrees>42.15931534767151</LatitudeDegrees>
              <LongitudeDegrees>-8.620383907109499</LongitudeDegrees>
            </Position>
            <AltitudeMeters>36.79999923706055</AltitudeMeters>
            <DistanceMeters>363.4100036621094</DistanceMeters>
            <HeartRateBpm>
              <Value>99</Value>
            </HeartRateBpm>
            <Extensions>
              <ns3:TPX>
                <ns3:Speed>1.3899999856948853</ns3:Speed>
              </ns3:TPX>
            </Extensions>
          </Trackpoint>
          <Trackpoint>
            <Time>2026-08-25T06:32:44.000Z</Time>
            <Position>
              <LatitudeDegrees>42.159322556108236</LatitudeDegrees>
              <LongitudeDegrees>-8.620402682572603</LongitudeDegrees>
            </Position>
            <AltitudeMeters>36.79999923706055</AltitudeMeters>
            <DistanceMeters>365.4599914550781</DistanceMeters>
            <HeartRateBpm>
              <Value>98</Value>
            </HeartRateBpm>
            <Extensions>
              <ns3:TPX>
                <ns3:Speed>1.3899999856948853</ns3:Speed>
              </ns3:TPX>
            </Extensions>
          </Trackpoint>
          <Trackpoint>
            <Time>2026-08-25T06:32:45.000Z</Time>
            <Position>
              <LatitudeDegrees>42.15932892635465</LatitudeDegrees>
              <LongitudeDegrees>-8.620411986485124</LongitudeDegrees>
            </Position>
            <AltitudeMeters>36.79999923706055</AltitudeMeters>
            <DistanceMeters>366.67999267578125</DistanceMeters>
            <HeartRateBpm>
              <Value>97</Value>
            </HeartRateBpm>
            <Extensions>
              <ns3:TPX>
                <ns3:Speed>1.3899999856948853</ns3:Speed>
              </ns3:TPX>
            </Extensions>
          </Trackpoint>
          <Trackpoint>
            <Time>2026-08-25T06:32:51.000Z</Time>
            <Position>
              <LatitudeDegrees>42.1593726798892</LatitudeDegrees>
              <LongitudeDegrees>-8.620498906821012</LongitudeDegrees>
            </Position>
            <AltitudeMeters>36.0</AltitudeMeters>
            <DistanceMeters>374.7099914550781</DistanceMeters>
            <HeartRateBpm>
              <Value>96</Value>
            </HeartRateBpm>
            <Extensions>
              <ns3:TPX>
                <ns3:Speed>1.409000039100647</ns3:Speed>
              </ns3:TPX>
            </Extensions>
          </Trackpoint>
          <Trackpoint>
            <Time>2026-08-25T06:32:55.000Z</Time>
            <Position>
              <LatitudeDegrees>42.159406039863825</LatitudeDegrees>
              <LongitudeDegrees>-8.620534697547555</LongitudeDegrees>
            </Position>
            <AltitudeMeters>35.79999923706055</AltitudeMeters>
            <DistanceMeters>379.79998779296875</DistanceMeters>
            <HeartRateBpm>
              <Value>98</Value>
            </HeartRateBpm>
            <Extensions>
              <ns3:TPX>
                <ns3:Speed>1.399999976158142</ns3:Speed>
              </ns3:TPX>
            </Extensions>
          </Trackpoint>
          <Trackpoint>
            <Time>2026-08-25T06:32:58.000Z</Time>
            <Position>
              <LatitudeDegrees>42.1594347897917</LatitudeDegrees>
              <LongitudeDegrees>-8.620561771094799</LongitudeDegrees>
            </Position>
            <AltitudeMeters>35.400001525878906</AltitudeMeters>
            <DistanceMeters>383.7799987792969</DistanceMeters>
            <HeartRateBpm>
              <Value>97</Value>
            </HeartRateBpm>
            <Extensions>
              <ns3:TPX>
                <ns3:Speed>1.399999976158142</ns3:Speed>
              </ns3:TPX>
            </Extensions>
          </Trackpoint>
          <Trackpoint>
            <Time>2026-08-25T06:33:06.000Z</Time>
            <Position>
              <LatitudeDegrees>42.159502347931266</LatitudeDegrees>
              <LongitudeDegrees>-8.620631257072091</LongitudeDegrees>
            </Position>
            <AltitudeMeters>35.20000076293945</AltitudeMeters>
            <DistanceMeters>393.510009765625</DistanceMeters>
            <HeartRateBpm>
              <Value>97</Value>
            </HeartRateBpm>
            <Extensions>
              <ns3:TPX>
                <ns3:Speed>1.371999979019165</ns3:Speed>
              </ns3:TPX>
            </Extensions>
          </Trackpoint>
          <Trackpoint>
            <Time>2026-08-25T06:33:10.000Z</Time>
            <Position>
              <LatitudeDegrees>42.15952078811824</LatitudeDegrees>
              <LongitudeDegrees>-8.620685655623674</LongitudeDegrees>
            </Position>
            <AltitudeMeters>34.599998474121094</AltitudeMeters>
            <DistanceMeters>398.44000244140625</DistanceMeters>
            <HeartRateBpm>
              <Value>97</Value>
            </HeartRateBpm>
            <Extensions>
              <ns3:TPX>
                <ns3:Speed>1.371999979019165</ns3:Speed>
              </ns3:TPX>
            </Extensions>
          </Trackpoint>
          <Trackpoint>
            <Time>2026-08-25T06:33:14.000Z</Time>
            <Position>
              <LatitudeDegrees>42.159543922171</LatitudeDegrees>
              <LongitudeDegrees>-8.620747933164239</LongitudeDegrees>
            </Position>
            <AltitudeMeters>34.400001525878906</AltitudeMeters>
            <DistanceMeters>403.7799987792969</DistanceMeters>
            <HeartRateBpm>
              <Value>97</Value>
            </HeartRateBpm>
            <Extensions>
              <ns3:TPX>
                <ns3:Speed>1.3619999885559082</ns3:Speed>
              </ns3:TPX>
            </Extensions>
          </Trackpoint>
          <Trackpoint>
            <Time>2026-08-25T06:33:19.000Z</Time>
            <Position>
              <LatitudeDegrees>42.15955381281674</LatitudeDegrees>
              <LongitudeDegrees>-8.620881456881762</LongitudeDegrees>
            </Position>
            <AltitudeMeters>33.599998474121094</AltitudeMeters>
            <DistanceMeters>414.760009765625</DistanceMeters>
            <HeartRateBpm>
              <Value>96</Value>
            </HeartRateBpm>
            <Extensions>
              <ns3:TPX>
                <ns3:Speed>1.38100004196167</ns3:Speed>
              </ns3:TPX>
            </Extensions>
          </Trackpoint>
          <Trackpoint>
            <Time>2026-08-25T06:33:20.000Z</Time>
            <Position>
              <LatitudeDegrees>42.159556578844786</LatitudeDegrees>
              <LongitudeDegrees>-8.620912218466401</LongitudeDegrees>
            </Position>
            <AltitudeMeters>33.20000076293945</AltitudeMeters>
            <DistanceMeters>417.5199890136719</DistanceMeters>
            <HeartRateBpm>
              <Value>97</Value>
            </HeartRateBpm>
            <Extensions>
              <ns3:TPX>
                <ns3:Speed>1.399999976158142</ns3:Speed>
              </ns3:TPX>
            </Extensions>
          </Trackpoint>
          <Trackpoint>
            <Time>2026-08-25T06:33:24.000Z</Time>
            <Position>
              <LatitudeDegrees>42.15955775231123</LatitudeDegrees>
              <LongitudeDegrees>-8.620987152680755</LongitudeDegrees>
            </Position>
            <AltitudeMeters>32.599998474121094</AltitudeMeters>
            <DistanceMeters>424.20001220703125</DistanceMeters>
            <HeartRateBpm>
              <Value>97</Value>
            </HeartRateBpm>
            <Extensions>
              <ns3:TPX>
                <ns3:Speed>1.4839999675750732</ns3:Speed>
              </ns3:TPX>
            </Extensions>
          </Trackpoint>
          <Trackpoint>
            <Time>2026-08-25T06:33:26.000Z</Time>
            <Position>
              <LatitudeDegrees>42.15955825522542</LatitudeDegrees>
              <LongitudeDegrees>-8.621003665030003</LongitudeDegrees>
            </Position>
            <AltitudeMeters>32.400001525878906</AltitudeMeters>
            <DistanceMeters>425.760009765625</DistanceMeters>
            <HeartRateBpm>
              <Value>97</Value>
            </HeartRateBpm>
            <Extensions>
              <ns3:TPX>
                <ns3:Speed>1.5119999647140503</ns3:Speed>
              </ns3:TPX>
            </Extensions>
          </Trackpoint>
          <Trackpoint>
            <Time>2026-08-25T06:33:30.000Z</Time>
            <Position>
              <LatitudeDegrees>42.159579545259476</LatitudeDegrees>
              <LongitudeDegrees>-8.621007604524493</LongitudeDegrees>
            </Position>
            <AltitudeMeters>32.20000076293945</AltitudeMeters>
            <DistanceMeters>428.1199951171875</DistanceMeters>
            <HeartRateBpm>
              <Value>98</Value>
            </HeartRateBpm>
            <Extensions>
              <ns3:TPX>
                <ns3:Speed>1.25</ns3:Speed>
              </ns3:TPX>
            </Extensions>
          </Trackpoint>
          <Trackpoint>
            <Time>2026-08-25T06:33:33.000Z</Time>
            <Position>
              <LatitudeDegrees>42.159574180841446</LatitudeDegrees>
              <LongitudeDegrees>-8.62099570222199</LongitudeDegrees>
            </Position>
            <AltitudeMeters>32.0</AltitudeMeters>
            <DistanceMeters>428.1199951171875</DistanceMeters>
            <HeartRateBpm>
              <Value>98</Value>
            </HeartRateBpm>
            <Extensions>
              <ns3:TPX>
                <ns3:Speed>1.1200000047683716</ns3:Speed>
              </ns3:TPX>
            </Extensions>
          </Trackpoint>
          <Trackpoint>
            <Time>2026-08-25T06:33:40.000Z</Time>
            <Position>
              <LatitudeDegrees>42.159580048173666</LatitudeDegrees>
              <LongitudeDegrees>-8.620987152680755</LongitudeDegrees>
            </Position>
            <AltitudeMeters>32.0</AltitudeMeters>
            <DistanceMeters>428.5400085449219</DistanceMeters>
            <HeartRateBpm>
              <Value>102</Value>
            </HeartRateBpm>
            <Extensions>
              <ns3:TPX>
                <ns3:Speed>0.0</ns3:Speed>
              </ns3:TPX>
            </Extensions>
          </Trackpoint>
          <Trackpoint>
            <Time>2026-08-25T06:33:41.000Z</Time>
            <Position>
              <LatitudeDegrees>42.15959991328418</LatitudeDegrees>
              <LongitudeDegrees>-8.620988326147199</LongitudeDegrees>
            </Position>
            <AltitudeMeters>32.0</AltitudeMeters>
            <DistanceMeters>430.1199951171875</DistanceMeters>
            <HeartRateBpm>
              <Value>105</Value>
            </HeartRateBpm>
            <Extensions>
              <ns3:TPX>
                <ns3:Speed>0.0</ns3:Speed>
              </ns3:TPX>
            </Extensions>
          </Trackpoint>
          <Trackpoint>
            <Time>2026-08-25T06:33:42.000Z</Time>
            <Position>
              <LatitudeDegrees>42.1596181858331</LatitudeDegrees>
              <LongitudeDegrees>-8.620990253984928</LongitudeDegrees>
            </Position>
            <AltitudeMeters>32.0</AltitudeMeters>
            <DistanceMeters>431.8399963378906</DistanceMeters>
            <HeartRateBpm>
              <Value>108</Value>
            </HeartRateBpm>
            <Extensions>
              <ns3:TPX>
                <ns3:Speed>0.0</ns3:Speed>
              </ns3:TPX>
            </Extensions>
          </Trackpoint>
          <Trackpoint>
            <Time>2026-08-25T06:33:43.000Z</Time>
            <Position>
              <LatitudeDegrees>42.15963981114328</LatitudeDegrees>
              <LongitudeDegrees>-8.62098639830947</LongitudeDegrees>
            </Position>
            <AltitudeMeters>32.0</AltitudeMeters>
            <DistanceMeters>434.5199890136719</DistanceMeters>
            <HeartRateBpm>
              <Value>109</Value>
            </HeartRateBpm>
            <Extensions>
              <ns3:TPX>
                <ns3:Speed>0.0</ns3:Speed>
              </ns3:TPX>
            </Extensions>
          </Trackpoint>
          <Trackpoint>
            <Time>2026-08-25T06:33:50.000Z</Time>
            <Position>
              <LatitudeDegrees>42.15969898737967</LatitudeDegrees>
              <LongitudeDegrees>-8.620988829061389</LongitudeDegrees>
            </Position>
            <AltitudeMeters>32.20000076293945</AltitudeMeters>
            <DistanceMeters>444.3599853515625</DistanceMeters>
            <HeartRateBpm>
              <Value>108</Value>
            </HeartRateBpm>
            <Extensions>
              <ns3:TPX>
                <ns3:Speed>1.315999984741211</ns3:Speed>
              </ns3:TPX>
            </Extensions>
          </Trackpoint>
          <Trackpoint>
            <Time>2026-08-25T06:33:56.000Z</Time>
            <Position>
              <LatitudeDegrees>42.15978490188718</LatitudeDegrees>
              <LongitudeDegrees>-8.620973071083426</LongitudeDegrees>
            </Position>
            <AltitudeMeters>31.799999237060547</AltitudeMeters>
            <DistanceMeters>452.30999755859375</DistanceMeters>
            <HeartRateBpm>
              <Value>105</Value>
            </HeartRateBpm>
            <Extensions>
              <ns3:TPX>
                <ns3:Speed>1.0729999542236328</ns3:Speed>
              </ns3:TPX>
            </Extensions>
          </Trackpoint>
          <Trackpoint>
            <Time>2026-08-25T06:33:59.000Z</Time>
            <Position>
              <LatitudeDegrees>42.15984810143709</LatitudeDegrees>
              <LongitudeDegrees>-8.620971478521824</LongitudeDegrees>
            </Position>
            <AltitudeMeters>31.600000381469727</AltitudeMeters>
            <DistanceMeters>458.8999938964844</DistanceMeters>
            <HeartRateBpm>
              <Value>103</Value>
            </HeartRateBpm>
            <Extensions>
              <ns3:TPX>
                <ns3:Speed>1.781999945640564</ns3:Speed>
              </ns3:TPX>
            </Extensions>
          </Trackpoint>
          <Trackpoint>
            <Time>2026-08-25T06:34:02.000Z</Time>
            <Position>
              <LatitudeDegrees>42.15989353135228</LatitudeDegrees>
              <LongitudeDegrees>-8.620972568169236</LongitudeDegrees>
            </Position>
            <AltitudeMeters>31.399999618530273</AltitudeMeters>
            <DistanceMeters>464.3900146484375</DistanceMeters>
            <HeartRateBpm>
              <Value>102</Value>
            </HeartRateBpm>
            <Extensions>
              <ns3:TPX>
                <ns3:Speed>1.781999945640564</ns3:Speed>
              </ns3:TPX>
            </Extensions>
          </Trackpoint>
          <Trackpoint>
            <Time>2026-08-25T06:34:08.000Z</Time>
            <Position>
              <LatitudeDegrees>42.15997056104243</LatitudeDegrees>
              <LongitudeDegrees>-8.620983297005296</LongitudeDegrees>
            </Position>
            <AltitudeMeters>31.399999618530273</AltitudeMeters>
            <DistanceMeters>472.6700134277344</DistanceMeters>
            <HeartRateBpm>
              <Value>102</Value>
            </HeartRateBpm>
            <Extensions>
              <ns3:TPX>
                <ns3:Speed>1.5299999713897705</ns3:Speed>
              </ns3:TPX>
            </Extensions>
          </Trackpoint>
          <Trackpoint>
            <Time>2026-08-25T06:34:16.000Z</Time>
            <Position>
              <LatitudeDegrees>42.16009218245745</LatitudeDegrees>
              <LongitudeDegrees>-8.620971059426665</LongitudeDegrees>
            </Position>
            <AltitudeMeters>31.200000762939453</AltitudeMeters>
            <DistanceMeters>486.04998779296875</DistanceMeters>
            <HeartRateBpm>
              <Value>104</Value>
            </HeartRateBpm>
            <Extensions>
              <ns3:TPX>
                <ns3:Speed>1.5490000247955322</ns3:Speed>
              </ns3:TPX>
            </Extensions>
          </Trackpoint>
          <Trackpoint>
            <Time>2026-08-25T06:34:23.000Z</Time>
            <Position>
              <LatitudeDegrees>42.16011338867247</LatitudeDegrees>
              <LongitudeDegrees>-8.62094784155488</LongitudeDegrees>
            </Position>
            <AltitudeMeters>31.0</AltitudeMeters>
            <DistanceMeters>491.8900146484375</DistanceMeters>
            <HeartRateBpm>
              <Value>104</Value>
            </HeartRateBpm>
            <Extensions>
              <ns3:TPX>
                <ns3:Speed>1.4930000305175781</ns3:Speed>
              </ns3:TPX>
            </Extensions>
          </Trackpoint>
          <Trackpoint>
            <Time>2026-08-25T06:34:27.000Z</Time>
            <Position>
              <LatitudeDegrees>42.16010643169284</LatitudeDegrees>
              <LongitudeDegrees>-8.620939962565899</LongitudeDegrees>
            </Position>
            <AltitudeMeters>30.799999237060547</AltitudeMeters>
            <DistanceMeters>492.70001220703125</DistanceMeters>
            <HeartRateBpm>
              <Value>104</Value>
            </HeartRateBpm>
            <Extensions>
              <ns3:TPX>
                <ns3:Speed>1.277999997138977</ns3:Speed>
              </ns3:TPX>
            </Extensions>
          </Trackpoint>
          <Trackpoint>
            <Time>2026-08-25T06:34:30.000Z</Time>
            <Position>
              <LatitudeDegrees>42.160104839131236</LatitudeDegrees>
              <LongitudeDegrees>-8.620950439944863</LongitudeDegrees>
            </Position>
            <AltitudeMeters>30.799999237060547</AltitudeMeters>
            <DistanceMeters>493.510009765625</DistanceMeters>
            <HeartRateBpm>
              <Value>108</Value>
            </HeartRateBpm>
            <Extensions>
              <ns3:TPX>
                <ns3:Speed>1.156999945640564</ns3:Speed>
              </ns3:TPX>
            </Extensions>
          </Trackpoint>
          <Trackpoint>
            <Time>2026-08-25T06:34:33.000Z</Time>
            <Position>
              <LatitudeDegrees>42.16010249219835</LatitudeDegrees>
              <LongitudeDegrees>-8.62096686847508</LongitudeDegrees>
            </Position>
            <AltitudeMeters>31.0</AltitudeMeters>
            <DistanceMeters>493.510009765625</DistanceMeters>
            <HeartRateBpm>
              <Value>111</Value>
            </HeartRateBpm>
            <Extensions>
              <ns3:TPX>
                <ns3:Speed>0.0</ns3:Speed>
              </ns3:TPX>
            </Extensions>
          </Trackpoint>
          <Trackpoint>
            <Time>2026-08-25T06:34:42.000Z</Time>
            <Position>
              <LatitudeDegrees>42.16009679250419</LatitudeDegrees>
              <LongitudeDegrees>-8.620997630059719</LongitudeDegrees>
            </Position>
            <AltitudeMeters>31.399999618530273</AltitudeMeters>
            <DistanceMeters>497.3999938964844</DistanceMeters>
            <HeartRateBpm>
              <Value>109</Value>
            </HeartRateBpm>
            <Extensions>
              <ns3:TPX>
                <ns3:Speed>0.0</ns3:Speed>
              </ns3:TPX>
            </Extensions>
          </Trackpoint>
          <Trackpoint>
            <Time>2026-08-25T06:34:50.000Z</Time>
            <Position>
              <LatitudeDegrees>42.16010148636997</LatitudeDegrees>
              <LongitudeDegrees>-8.620980363339186</LongitudeDegrees>
            </Position>
            <AltitudeMeters>31.399999618530273</AltitudeMeters>
            <DistanceMeters>497.8399963378906</DistanceMeters>
            <HeartRateBpm>
              <Value>106</Value>
            </HeartRateBpm>
            <Extensions>
              <ns3:TPX>
                <ns3:Speed>0.0</ns3:Speed>
              </ns3:TPX>
            </Extensions>
          </Trackpoint>
          <Trackpoint>
            <Time>2026-08-25T06:34:52.000Z</Time>
            <Position>
              <LatitudeDegrees>42.16010592877865</LatitudeDegrees>
              <LongitudeDegrees>-8.620977932587266</LongitudeDegrees>
            </Position>
            <AltitudeMeters>31.399999618530273</AltitudeMeters>
            <DistanceMeters>498.17999267578125</DistanceMeters>
            <HeartRateBpm>
              <Value>107</Value>
            </HeartRateBpm>
            <Extensions>
              <ns3:TPX>
                <ns3:Speed>0.0</ns3:Speed>
              </ns3:TPX>
            </Extensions>
          </Trackpoint>
          <Trackpoint>
            <Time>2026-08-25T06:35:01.000Z</Time>
            <Position>
              <LatitudeDegrees>42.16015194542706</LatitudeDegrees>
              <LongitudeDegrees>-8.620991678908467</LongitudeDegrees>
            </Position>
            <AltitudeMeters>31.399999618530273</AltitudeMeters>
            <DistanceMeters>502.8399963378906</DistanceMeters>
            <HeartRateBpm>
              <Value>104</Value>
            </HeartRateBpm>
            <Extensions>
              <ns3:TPX>
                <ns3:Speed>0.0</ns3:Speed>
              </ns3:TPX>
            </Extensions>
          </Trackpoint>
          <Trackpoint>
            <Time>2026-08-25T06:35:02.000Z</Time>
            <Position>
              <LatitudeDegrees>42.16016409918666</LatitudeDegrees>
              <LongitudeDegrees>-8.62098933197558</LongitudeDegrees>
            </Position>
            <AltitudeMeters>31.200000762939453</AltitudeMeters>
            <DistanceMeters>504.489990234375</DistanceMeters>
            <HeartRateBpm>
              <Value>101</Value>
            </HeartRateBpm>
            <Extensions>
              <ns3:TPX>
                <ns3:Speed>0.0</ns3:Speed>
              </ns3:TPX>
            </Extensions>
          </Trackpoint>
          <Trackpoint>
            <Time>2026-08-25T06:35:03.000Z</Time>
            <Position>
              <LatitudeDegrees>42.1601723972708</LatitudeDegrees>
              <LongitudeDegrees>-8.620988074690104</LongitudeDegrees>
            </Position>
            <AltitudeMeters>31.200000762939453</AltitudeMeters>
            <DistanceMeters>505.7799987792969</DistanceMeters>
            <HeartRateBpm>
              <Value>97</Value>
            </HeartRateBpm>
            <Extensions>
              <ns3:TPX>
                <ns3:Speed>0.7179999947547913</ns3:Speed>
              </ns3:TPX>
            </Extensions>
          </Trackpoint>
          <Trackpoint>
            <Time>2026-08-25T06:35:04.000Z</Time>
            <Position>
              <LatitudeDegrees>42.160183461382985</LatitudeDegrees>
              <LongitudeDegrees>-8.620990086346865</LongitudeDegrees>
            </Position>
            <AltitudeMeters>31.0</AltitudeMeters>
            <DistanceMeters>507.3699951171875</DistanceMeters>
            <HeartRateBpm>
              <Value>97</Value>
            </HeartRateBpm>
            <Extensions>
              <ns3:TPX>
                <ns3:Speed>1.3250000476837158</ns3:Speed>
              </ns3:TPX>
            </Extensions>
          </Trackpoint>
          <Trackpoint>
            <Time>2026-08-25T06:35:07.000Z</Time>
            <Position>
              <LatitudeDegrees>42.160205924883485</LatitudeDegrees>
              <LongitudeDegrees>-8.620988326147199</LongitudeDegrees>
            </Position>
            <AltitudeMeters>30.799999237060547</AltitudeMeters>
            <DistanceMeters>510.0400085449219</DistanceMeters>
            <HeartRateBpm>
              <Value>96</Value>
            </HeartRateBpm>
            <Extensions>
              <ns3:TPX>
                <ns3:Speed>1.4459999799728394</ns3:Speed>
              </ns3:TPX>
            </Extensions>
          </Trackpoint>
          <Trackpoint>
            <Time>2026-08-25T06:35:15.000Z</Time>
            <Position>
              <LatitudeDegrees>42.160320337861776</LatitudeDegrees>
              <LongitudeDegrees>-8.620991762727499</LongitudeDegrees>
            </Position>
            <AltitudeMeters>30.799999237060547</AltitudeMeters>
            <DistanceMeters>521.0800170898438</DistanceMeters>
            <HeartRateBpm>
              <Value>96</Value>
            </HeartRateBpm>
            <Extensions>
              <ns3:TPX>
                <ns3:Speed>1.3899999856948853</ns3:Speed>
              </ns3:TPX>
            </Extensions>
          </Trackpoint>
          <Trackpoint>
            <Time>2026-08-25T06:35:23.000Z</Time>
            <Position>
              <LatitudeDegrees>42.1604366786778</LatitudeDegrees>
              <LongitudeDegrees>-8.621003832668066</LongitudeDegrees>
            </Position>
            <AltitudeMeters>31.0</AltitudeMeters>
            <DistanceMeters>533.0499877929688</DistanceMeters>
            <HeartRateBpm>
              <Value>95</Value>
            </HeartRateBpm>
            <Extensions>
              <ns3:TPX>
                <ns3:Speed>1.4839999675750732</ns3:Speed>
              </ns3:TPX>
            </Extensions>
          </Trackpoint>
          <Trackpoint>
            <Time>2026-08-25T06:35:29.000Z</Time>
            <Position>
              <LatitudeDegrees>42.16052686795592</LatitudeDegrees>
              <LongitudeDegrees>-8.621035013347864</LongitudeDegrees>
            </Position>
            <AltitudeMeters>31.0</AltitudeMeters>
            <DistanceMeters>544.3900146484375</DistanceMeters>
            <HeartRateBpm>
              <Value>97</Value>
            </HeartRateBpm>
            <Extensions>
              <ns3:TPX>
                <ns3:Speed>1.6330000162124634</ns3:Speed>
              </ns3:TPX>
            </Extensions>
          </Trackpoint>
          <Trackpoint>
            <Time>2026-08-25T06:35:31.000Z</Time>
            <Position>
              <LatitudeDegrees>42.16053985990584</LatitudeDegrees>
              <LongitudeDegrees>-8.621038449928164</LongitudeDegrees>
            </Position>
            <AltitudeMeters>31.0</AltitudeMeters>
            <DistanceMeters>546.5700073242188</DistanceMeters>
            <HeartRateBpm>
              <Value>100</Value>
            </HeartRateBpm>
            <Extensions>
              <ns3:TPX>
                <ns3:Speed>1.6519999504089355</ns3:Speed>
              </ns3:TPX>
            </Extensions>
          </Trackpoint>
          <Trackpoint>
            <Time>2026-08-25T06:35:33.000Z</Time>
            <Position>
              <LatitudeDegrees>42.16055712662637</LatitudeDegrees>
              <LongitudeDegrees>-8.62103777937591</LongitudeDegrees>
            </Position>
            <AltitudeMeters>31.0</AltitudeMeters>
            <DistanceMeters>547.760009765625</DistanceMeters>
            <HeartRateBpm>
              <Value>103</Value>
            </HeartRateBpm>
            <Extensions>
              <ns3:TPX>
                <ns3:Speed>1.5859999656677246</ns3:Speed>
              </ns3:TPX>
            </Extensions>
          </Trackpoint>
          <Trackpoint>
            <Time>2026-08-25T06:35:35.000Z</Time>
            <Position>
              <LatitudeDegrees>42.160576824098825</LatitudeDegrees>
              <LongitudeDegrees>-8.62104213796556</LongitudeDegrees>
            </Position>
            <AltitudeMeters>31.0</AltitudeMeters>
            <DistanceMeters>550.1900024414062</DistanceMeters>
            <HeartRateBpm>
              <Value>106</Value>
            </HeartRateBpm>
            <Extensions>
              <ns3:TPX>
                <ns3:Speed>1.3250000476837158</ns3:Speed>
              </ns3:TPX>
            </Extensions>
          </Trackpoint>
          <Trackpoint>
            <Time>2026-08-25T06:35:39.000Z</Time>
            <Position>
              <LatitudeDegrees>42.16061923652887</LatitudeDegrees>
              <LongitudeDegrees>-8.621051274240017</LongitudeDegrees>
            </Position>
            <AltitudeMeters>30.799999237060547</AltitudeMeters>
            <DistanceMeters>554.0599975585938</DistanceMeters>
            <HeartRateBpm>
              <Value>106</Value>
            </HeartRateBpm>
            <Extensions>
              <ns3:TPX>
                <ns3:Speed>1.305999994277954</ns3:Speed>
              </ns3:TPX>
            </Extensions>
          </Trackpoint>
          <Trackpoint>
            <Time>2026-08-25T06:35:46.000Z</Time>
            <Position>
              <LatitudeDegrees>42.16064069420099</LatitudeDegrees>
              <LongitudeDegrees>-8.621065355837345</LongitudeDegrees>
            </Position>
            <AltitudeMeters>31.200000762939453</AltitudeMeters>
            <DistanceMeters>559.5900268554688</DistanceMeters>
            <HeartRateBpm>
              <Value>105</Value>
            </HeartRateBpm>
            <Extensions>
              <ns3:TPX>
                <ns3:Speed>1.2599999904632568</ns3:Speed>
              </ns3:TPX>
            </Extensions>
          </Trackpoint>
          <Trackpoint>
            <Time>2026-08-25T06:35:49.000Z</Time>
            <Position>
              <LatitudeDegrees>42.16061999090016</LatitudeDegrees>
              <LongitudeDegrees>-8.621073570102453</LongitudeDegrees>
            </Position>
            <AltitudeMeters>31.200000762939453</AltitudeMeters>
            <DistanceMeters>559.5900268554688</DistanceMeters>
            <HeartRateBpm>
              <Value>108</Value>
            </HeartRateBpm>
            <Extensions>
              <ns3:TPX>
                <ns3:Speed>0.0</ns3:Speed>
              </ns3:TPX>
            </Extensions>
          </Trackpoint>
          <Trackpoint>
            <Time>2026-08-25T06:35:55.000Z</Time>
            <Position>
              <LatitudeDegrees>42.160594845190644</LatitudeDegrees>
              <LongitudeDegrees>-8.621096955612302</LongitudeDegrees>
            </Position>
            <AltitudeMeters>31.200000762939453</AltitudeMeters>
            <DistanceMeters>561.7100219726562</DistanceMeters>
            <HeartRateBpm>
              <Value>108</Value>
            </HeartRateBpm>
            <Extensions>
              <ns3:TPX>
                <ns3:Speed>0.0</ns3:Speed>
              </ns3:TPX>
            </Extensions>
          </Trackpoint>
          <Trackpoint>
            <Time>2026-08-25T06:40:48.000Z</Time>
            <Position>
              <LatitudeDegrees>42.160670198500156</LatitudeDegrees>
              <LongitudeDegrees>-8.621088657528162</LongitudeDegrees>
            </Position>
            <AltitudeMeters>28.600000381469727</AltitudeMeters>
            <DistanceMeters>562.8200073242188</DistanceMeters>
            <HeartRateBpm>
              <Value>103</Value>
            </HeartRateBpm>
            <Extensions>
              <ns3:TPX>
                <ns3:Speed>1.2970000505447388</ns3:Speed>
              </ns3:TPX>
            </Extensions>
          </Trackpoint>
          <Trackpoint>
            <Time>2026-08-25T06:40:49.000Z</Time>
            <Position>
              <LatitudeDegrees>42.160682352259755</LatitudeDegrees>
              <LongitudeDegrees>-8.62108513712883</LongitudeDegrees>
            </Position>
            <AltitudeMeters>28.600000381469727</AltitudeMeters>
            <DistanceMeters>564.5</DistanceMeters>
            <HeartRateBpm>
              <Value>103</Value>
            </HeartRateBpm>
            <Extensions>
              <ns3:TPX>
                <ns3:Speed>0.0</ns3:Speed>
              </ns3:TPX>
            </Extensions>
          </Trackpoint>
          <Trackpoint>
            <Time>2026-08-25T06:40:58.000Z</Time>
            <Position>
              <LatitudeDegrees>42.16082040220499</LatitudeDegrees>
              <LongitudeDegrees>-8.621081532910466</LongitudeDegrees>
            </Position>
            <AltitudeMeters>28.600000381469727</AltitudeMeters>
            <DistanceMeters>579.4299926757812</DistanceMeters>
            <HeartRateBpm>
              <Value>102</Value>
            </HeartRateBpm>
            <Extensions>
              <ns3:TPX>
                <ns3:Speed>1.6519999504089355</ns3:Speed>
              </ns3:TPX>
            </Extensions>
          </Trackpoint>
          <Trackpoint>
            <Time>2026-08-25T06:41:07.000Z</Time>
            <Position>
              <LatitudeDegrees>42.16093146242201</LatitudeDegrees>
              <LongitudeDegrees>-8.621072648093104</LongitudeDegrees>
            </Position>
            <AltitudeMeters>29.0</AltitudeMeters>
            <DistanceMeters>591.22998046875</DistanceMeters>
            <HeartRateBpm>
              <Value>101</Value>
            </HeartRateBpm>
            <Extensions>
              <ns3:TPX>
                <ns3:Speed>1.5119999647140503</ns3:Speed>
              </ns3:TPX>
            </Extensions>
          </Trackpoint>
          <Trackpoint>
            <Time>2026-08-25T06:41:14.000Z</Time>
            <Position>
              <LatitudeDegrees>42.16100740246475</LatitudeDegrees>
              <LongitudeDegrees>-8.621043311432004</LongitudeDegrees>
            </Position>
            <AltitudeMeters>29.200000762939453</AltitudeMeters>
            <DistanceMeters>600.2999877929688</DistanceMeters>
            <HeartRateBpm>
              <Value>101</Value>
            </HeartRateBpm>
            <Extensions>
              <ns3:TPX>
                <ns3:Speed>1.5119999647140503</ns3:Speed>
              </ns3:TPX>
            </Extensions>
          </Trackpoint>
          <Trackpoint>
            <Time>2026-08-25T06:41:22.000Z</Time>
            <Position>
              <LatitudeDegrees>42.16111452318728</LatitudeDegrees>
              <LongitudeDegrees>-8.621041718870401</LongitudeDegrees>
            </Position>
            <AltitudeMeters>29.600000381469727</AltitudeMeters>
            <DistanceMeters>612.469970703125</DistanceMeters>
            <HeartRateBpm>
              <Value>105</Value>
            </HeartRateBpm>
            <Extensions>
              <ns3:TPX>
                <ns3:Speed>1.4559999704360962</ns3:Speed>
              </ns3:TPX>
            </Extensions>
          </Trackpoint>
          <Trackpoint>
            <Time>2026-08-25T06:41:23.000Z</Time>
            <Position>
              <LatitudeDegrees>42.16113011352718</LatitudeDegrees>
              <LongitudeDegrees>-8.621042221784592</LongitudeDegrees>
            </Position>
            <AltitudeMeters>29.600000381469727</AltitudeMeters>
            <DistanceMeters>613.9199829101562</DistanceMeters>
            <HeartRateBpm>
              <Value>108</Value>
            </HeartRateBpm>
            <Extensions>
              <ns3:TPX>
                <ns3:Speed>1.4559999704360962</ns3:Speed>
              </ns3:TPX>
            </Extensions>
          </Trackpoint>
          <Trackpoint>
            <Time>2026-08-25T06:41:25.000Z</Time>
            <Position>
              <LatitudeDegrees>42.161162132397294</LatitudeDegrees>
              <LongitudeDegrees>-8.62104607746005</LongitudeDegrees>
            </Position>
            <AltitudeMeters>29.600000381469727</AltitudeMeters>
            <DistanceMeters>617.6699829101562</DistanceMeters>
            <HeartRateBpm>
              <Value>111</Value>
            </HeartRateBpm>
            <Extensions>
              <ns3:TPX>
                <ns3:Speed>1.4559999704360962</ns3:Speed>
              </ns3:TPX>
            </Extensions>
          </Trackpoint>
          <Trackpoint>
            <Time>2026-08-25T06:41:31.000Z</Time>
            <Position>
              <LatitudeDegrees>42.161237988621</LatitudeDegrees>
              <LongitudeDegrees>-8.621049178764224</LongitudeDegrees>
            </Position>
            <AltitudeMeters>29.799999237060547</AltitudeMeters>
            <DistanceMeters>625.989990234375</DistanceMeters>
            <HeartRateBpm>
              <Value>112</Value>
            </HeartRateBpm>
            <Extensions>
              <ns3:TPX>
                <ns3:Speed>1.4559999704360962</ns3:Speed>
              </ns3:TPX>
            </Extensions>
          </Trackpoint>
          <Trackpoint>
            <Time>2026-08-25T06:41:38.000Z</Time>
            <Position>
              <LatitudeDegrees>42.16131485067308</LatitudeDegrees>
              <LongitudeDegrees>-8.621043730527163</LongitudeDegrees>
            </Position>
            <AltitudeMeters>30.200000762939453</AltitudeMeters>
            <DistanceMeters>635.4199829101562</DistanceMeters>
            <HeartRateBpm>
              <Value>109</Value>
            </HeartRateBpm>
            <Extensions>
              <ns3:TPX>
                <ns3:Speed>1.4559999704360962</ns3:Speed>
              </ns3:TPX>
            </Extensions>
          </Trackpoint>
          <Trackpoint>
            <Time>2026-08-25T06:41:40.000Z</Time>
            <Position>
              <LatitudeDegrees>42.16133387759328</LatitudeDegrees>
              <LongitudeDegrees>-8.62104850821197</LongitudeDegrees>
            </Position>
            <AltitudeMeters>30.399999618530273</AltitudeMeters>
            <DistanceMeters>637.1199951171875</DistanceMeters>
            <HeartRateBpm>
              <Value>107</Value>
            </HeartRateBpm>
            <Extensions>
              <ns3:TPX>
                <ns3:Speed>1.4459999799728394</ns3:Speed>
              </ns3:TPX>
            </Extensions>
          </Trackpoint>
          <Trackpoint>
            <Time>2026-08-25T06:41:46.000Z</Time>
            <Position>
              <LatitudeDegrees>42.16142079792917</LatitudeDegrees>
              <LongitudeDegrees>-8.621053118258715</LongitudeDegrees>
            </Position>
            <AltitudeMeters>30.600000381469727</AltitudeMeters>
            <DistanceMeters>645.6900024414062</DistanceMeters>
            <HeartRateBpm>
              <Value>108</Value>
            </HeartRateBpm>
            <Extensions>
              <ns3:TPX>
                <ns3:Speed>1.399999976158142</ns3:Speed>
              </ns3:TPX>
            </Extensions>
          </Trackpoint>
          <Trackpoint>
            <Time>2026-08-25T06:41:48.000Z</Time>
            <Position>
              <LatitudeDegrees>42.16145985759795</LatitudeDegrees>
              <LongitudeDegrees>-8.62104456871748</LongitudeDegrees>
            </Position>
            <AltitudeMeters>30.799999237060547</AltitudeMeters>
            <DistanceMeters>650.2000122070312</DistanceMeters>
            <HeartRateBpm>
              <Value>108</Value>
            </HeartRateBpm>
            <Extensions>
              <ns3:TPX>
                <ns3:Speed>1.409000039100647</ns3:Speed>
              </ns3:TPX>
            </Extensions>
          </Trackpoint>
          <Trackpoint>
            <Time>2026-08-25T06:41:57.000Z</Time>
            <Position>
              <LatitudeDegrees>42.16158223338425</LatitudeDegrees>
              <LongitudeDegrees>-8.621053704991937</LongitudeDegrees>
            </Position>
            <AltitudeMeters>31.0</AltitudeMeters>
            <DistanceMeters>663.5900268554688</DistanceMeters>
            <HeartRateBpm>
              <Value>107</Value>
            </HeartRateBpm>
            <Extensions>
              <ns3:TPX>
                <ns3:Speed>1.305999994277954</ns3:Speed>
              </ns3:TPX>
            </Extensions>
          </Trackpoint>
          <Trackpoint>
            <Time>2026-08-25T06:42:02.000Z</Time>
            <Position>
              <LatitudeDegrees>42.161669405177236</LatitudeDegrees>
              <LongitudeDegrees>-8.621114725247025</LongitudeDegrees>
            </Position>
            <AltitudeMeters>31.399999618530273</AltitudeMeters>
            <DistanceMeters>675.9000244140625</DistanceMeters>
            <HeartRateBpm>
              <Value>107</Value>
            </HeartRateBpm>
            <Extensions>
              <ns3:TPX>
                <ns3:Speed>1.902999997138977</ns3:Speed>
              </ns3:TPX>
            </Extensions>
          </Trackpoint>
          <Trackpoint>
            <Time>2026-08-25T06:42:05.000Z</Time>
            <Position>
              <LatitudeDegrees>42.16169991530478</LatitudeDegrees>
              <LongitudeDegrees>-8.621131656691432</LongitudeDegrees>
            </Position>
            <AltitudeMeters>31.799999237060547</AltitudeMeters>
            <DistanceMeters>679.7999877929688</DistanceMeters>
            <HeartRateBpm>
              <Value>107</Value>
            </HeartRateBpm>
            <Extensions>
              <ns3:TPX>
                <ns3:Speed>1.6890000104904175</ns3:Speed>
              </ns3:TPX>
            </Extensions>
          </Trackpoint>
          <Trackpoint>
            <Time>2026-08-25T06:42:11.000Z</Time>
            <Position>
              <LatitudeDegrees>42.161779291927814</LatitudeDegrees>
              <LongitudeDegrees>-8.621160741895437</LongitudeDegrees>
            </Position>
            <AltitudeMeters>31.600000381469727</AltitudeMeters>
            <DistanceMeters>688.5</DistanceMeters>
            <HeartRateBpm>
              <Value>110</Value>
            </HeartRateBpm>
            <Extensions>
              <ns3:TPX>
                <ns3:Speed>1.5119999647140503</ns3:Speed>
              </ns3:TPX>
            </Extensions>
          </Trackpoint>
          <Trackpoint>
            <Time>2026-08-25T06:42:14.000Z</Time>
            <Position>
              <LatitudeDegrees>42.16181667521596</LatitudeDegrees>
              <LongitudeDegrees>-8.621161915361881</LongitudeDegrees>
            </Position>
            <AltitudeMeters>31.799999237060547</AltitudeMeters>
            <DistanceMeters>692.6099853515625</DistanceMeters>
            <HeartRateBpm>
              <Value>110</Value>
            </HeartRateBpm>
            <Extensions>
              <ns3:TPX>
                <ns3:Speed>1.4930000305175781</ns3:Speed>
              </ns3:TPX>
            </Extensions>
          </Trackpoint>
          <Trackpoint>
            <Time>2026-08-25T06:42:23.000Z</Time>
            <Position>
              <LatitudeDegrees>42.161922035738826</LatitudeDegrees>
              <LongitudeDegrees>-8.621197119355202</LongitudeDegrees>
            </Position>
            <AltitudeMeters>32.20000076293945</AltitudeMeters>
            <DistanceMeters>704.75</DistanceMeters>
            <HeartRateBpm>
              <Value>109</Value>
            </HeartRateBpm>
            <Extensions>
              <ns3:TPX>
                <ns3:Speed>1.465000033378601</ns3:Speed>
              </ns3:TPX>
            </Extensions>
          </Trackpoint>
          <Trackpoint>
            <Time>2026-08-25T06:42:32.000Z</Time>
            <Position>
              <LatitudeDegrees>42.1620078664273</LatitudeDegrees>
              <LongitudeDegrees>-8.621281860396266</LongitudeDegrees>
            </Position>
            <AltitudeMeters>32.599998474121094</AltitudeMeters>
            <DistanceMeters>717.47998046875</DistanceMeters>
            <HeartRateBpm>
              <Value>108</Value>
            </HeartRateBpm>
            <Extensions>
              <ns3:TPX>
                <ns3:Speed>1.4739999771118164</ns3:Speed>
              </ns3:TPX>
            </Extensions>
          </Trackpoint>
          <Trackpoint>
            <Time>2026-08-25T06:42:34.000Z</Time>
            <Position>
              <LatitudeDegrees>42.16202840209007</LatitudeDegrees>
              <LongitudeDegrees>-8.62129770219326</LongitudeDegrees>
            </Position>
            <AltitudeMeters>32.79999923706055</AltitudeMeters>
            <DistanceMeters>719.4299926757812</DistanceMeters>
            <HeartRateBpm>
              <Value>108</Value>
            </HeartRateBpm>
            <Extensions>
              <ns3:TPX>
                <ns3:Speed>1.465000033378601</ns3:Speed>
              </ns3:TPX>
            </Extensions>
          </Trackpoint>
          <Trackpoint>
            <Time>2026-08-25T06:42:42.000Z</Time>
            <Position>
              <LatitudeDegrees>42.162146335467696</LatitudeDegrees>
              <LongitudeDegrees>-8.621362410485744</LongitudeDegrees>
            </Position>
            <AltitudeMeters>33.0</AltitudeMeters>
            <DistanceMeters>733.1900024414062</DistanceMeters>
            <HeartRateBpm>
              <Value>108</Value>
            </HeartRateBpm>
            <Extensions>
              <ns3:TPX>
                <ns3:Speed>1.4930000305175781</ns3:Speed>
              </ns3:TPX>
            </Extensions>
          </Trackpoint>
          <Trackpoint>
            <Time>2026-08-25T06:42:50.000Z</Time>
            <Position>
              <LatitudeDegrees>42.16224817559123</LatitudeDegrees>
              <LongitudeDegrees>-8.621385041624308</LongitudeDegrees>
            </Position>
            <AltitudeMeters>33.400001525878906</AltitudeMeters>
            <DistanceMeters>743.6599731445312</DistanceMeters>
            <HeartRateBpm>
              <Value>107</Value>
            </HeartRateBpm>
            <Extensions>
              <ns3:TPX>
                <ns3:Speed>1.5019999742507935</ns3:Speed>
              </ns3:TPX>
            </Extensions>
          </Trackpoint>
          <Trackpoint>
            <Time>2026-08-25T06:43:00.000Z</Time>
            <Position>
              <LatitudeDegrees>42.16241070069373</LatitudeDegrees>
              <LongitudeDegrees>-8.621375989168882</LongitudeDegrees>
            </Position>
            <AltitudeMeters>33.400001525878906</AltitudeMeters>
            <DistanceMeters>760.3400268554688</DistanceMeters>
            <HeartRateBpm>
              <Value>106</Value>
            </HeartRateBpm>
            <Extensions>
              <ns3:TPX>
                <ns3:Speed>1.5119999647140503</ns3:Speed>
              </ns3:TPX>
            </Extensions>
          </Trackpoint>
          <Trackpoint>
            <Time>2026-08-25T06:43:09.000Z</Time>
            <Position>
              <LatitudeDegrees>42.162506924942136</LatitudeDegrees>
              <LongitudeDegrees>-8.621357465162873</LongitudeDegrees>
            </Position>
            <AltitudeMeters>33.79999923706055</AltitudeMeters>
            <DistanceMeters>772.9500122070312</DistanceMeters>
            <HeartRateBpm>
              <Value>107</Value>
            </HeartRateBpm>
            <Extensions>
              <ns3:TPX>
                <ns3:Speed>1.5490000247955322</ns3:Speed>
              </ns3:TPX>
            </Extensions>
          </Trackpoint>
          <Trackpoint>
            <Time>2026-08-25T06:43:10.000Z</Time>
            <Position>
              <LatitudeDegrees>42.16253533959389</LatitudeDegrees>
              <LongitudeDegrees>-8.621361069381237</LongitudeDegrees>
            </Position>
            <AltitudeMeters>33.79999923706055</AltitudeMeters>
            <DistanceMeters>776.3300170898438</DistanceMeters>
            <HeartRateBpm>
              <Value>107</Value>
            </HeartRateBpm>
            <Extensions>
              <ns3:TPX>
                <ns3:Speed>1.5399999618530273</ns3:Speed>
              </ns3:TPX>
            </Extensions>
          </Trackpoint>
          <Trackpoint>
            <Time>2026-08-25T06:43:18.000Z</Time>
            <Position>
              <LatitudeDegrees>42.16258227825165</LatitudeDegrees>
              <LongitudeDegrees>-8.621409265324473</LongitudeDegrees>
            </Position>
            <AltitudeMeters>34.0</AltitudeMeters>
            <DistanceMeters>783.8900146484375</DistanceMeters>
            <HeartRateBpm>
              <Value>106</Value>
            </HeartRateBpm>
            <Extensions>
              <ns3:TPX>
                <ns3:Speed>1.25</ns3:Speed>
              </ns3:TPX>
            </Extensions>
          </Trackpoint>
          <Trackpoint>
            <Time>2026-08-25T06:43:21.000Z</Time>
            <Position>
              <LatitudeDegrees>42.162625612691045</LatitudeDegrees>
              <LongitudeDegrees>-8.621429214254022</LongitudeDegrees>
            </Position>
            <AltitudeMeters>34.0</AltitudeMeters>
            <DistanceMeters>788.4199829101562</DistanceMeters>
            <HeartRateBpm>
              <Value>105</Value>
            </HeartRateBpm>
            <Extensions>
              <ns3:TPX>
                <ns3:Speed>1.5119999647140503</ns3:Speed>
              </ns3:TPX>
            </Extensions>
          </Trackpoint>
          <Trackpoint>
            <Time>2026-08-25T06:43:28.000Z</Time>
            <Position>
              <LatitudeDegrees>42.16274614445865</LatitudeDegrees>
              <LongitudeDegrees>-8.621430974453688</LongitudeDegrees>
            </Position>
            <AltitudeMeters>34.20000076293945</AltitudeMeters>
            <DistanceMeters>801.030029296875</DistanceMeters>
            <HeartRateBpm>
              <Value>104</Value>
            </HeartRateBpm>
            <Extensions>
              <ns3:TPX>
                <ns3:Speed>1.5119999647140503</ns3:Speed>
              </ns3:TPX>
            </Extensions>
          </Trackpoint>
          <Trackpoint>
            <Time>2026-08-25T06:43:33.000Z</Time>
            <Position>
              <LatitudeDegrees>42.16279978863895</LatitudeDegrees>
              <LongitudeDegrees>-8.621456287801266</LongitudeDegrees>
            </Position>
            <AltitudeMeters>34.20000076293945</AltitudeMeters>
            <DistanceMeters>808.1099853515625</DistanceMeters>
            <HeartRateBpm>
              <Value>107</Value>
            </HeartRateBpm>
            <Extensions>
              <ns3:TPX>
                <ns3:Speed>1.6330000162124634</ns3:Speed>
              </ns3:TPX>
            </Extensions>
          </Trackpoint>
          <Trackpoint>
            <Time>2026-08-25T06:43:37.000Z</Time>
            <Position>
              <LatitudeDegrees>42.16284412890673</LatitudeDegrees>
              <LongitudeDegrees>-8.621467938646674</LongitudeDegrees>
            </Position>
            <AltitudeMeters>34.400001525878906</AltitudeMeters>
            <DistanceMeters>811.8900146484375</DistanceMeters>
            <HeartRateBpm>
              <Value>105</Value>
            </HeartRateBpm>
            <Extensions>
              <ns3:TPX>
                <ns3:Speed>1.5299999713897705</ns3:Speed>
              </ns3:TPX>
            </Extensions>
          </Trackpoint>
          <Trackpoint>
            <Time>2026-08-25T06:43:46.000Z</Time>
            <Position>
              <LatitudeDegrees>42.1629542671144</LatitudeDegrees>
              <LongitudeDegrees>-8.621422844007611</LongitudeDegrees>
            </Position>
            <AltitudeMeters>34.599998474121094</AltitudeMeters>
            <DistanceMeters>824.530029296875</DistanceMeters>
            <HeartRateBpm>
              <Value>106</Value>
            </HeartRateBpm>
            <Extensions>
              <ns3:TPX>
                <ns3:Speed>1.4559999704360962</ns3:Speed>
              </ns3:TPX>
            </Extensions>
          </Trackpoint>
          <Trackpoint>
            <Time>2026-08-25T06:43:53.000Z</Time>
            <Position>
              <LatitudeDegrees>42.16304403729737</LatitudeDegrees>
              <LongitudeDegrees>-8.621441703289747</LongitudeDegrees>
            </Position>
            <AltitudeMeters>34.79999923706055</AltitudeMeters>
            <DistanceMeters>833.1300048828125</DistanceMeters>
            <HeartRateBpm>
              <Value>107</Value>
            </HeartRateBpm>
            <Extensions>
              <ns3:TPX>
                <ns3:Speed>1.4279999732971191</ns3:Speed>
              </ns3:TPX>
            </Extensions>
          </Trackpoint>
          <Trackpoint>
            <Time>2026-08-25T06:43:55.000Z</Time>
            <Position>
              <LatitudeDegrees>42.16306608170271</LatitudeDegrees>
              <LongitudeDegrees>-8.621437763795257</LongitudeDegrees>
            </Position>
            <AltitudeMeters>34.79999923706055</AltitudeMeters>
            <DistanceMeters>835.6900024414062</DistanceMeters>
            <HeartRateBpm>
              <Value>108</Value>
            </HeartRateBpm>
            <Extensions>
              <ns3:TPX>
                <ns3:Speed>1.4179999828338623</ns3:Speed>
              </ns3:TPX>
            </Extensions>
          </Trackpoint>
          <Trackpoint>
            <Time>2026-08-25T06:44:02.000Z</Time>
            <Position>
              <LatitudeDegrees>42.163191894069314</LatitudeDegrees>
              <LongitudeDegrees>-8.621360398828983</LongitudeDegrees>
            </Position>
            <AltitudeMeters>35.0</AltitudeMeters>
            <DistanceMeters>848.7899780273438</DistanceMeters>
            <HeartRateBpm>
              <Value>107</Value>
            </HeartRateBpm>
            <Extensions>
              <ns3:TPX>
                <ns3:Speed>1.465000033378601</ns3:Speed>
              </ns3:TPX>
            </Extensions>
          </Trackpoint>
          <Trackpoint>
            <Time>2026-08-25T06:44:11.000Z</Time>
            <Position>
              <LatitudeDegrees>42.16331041418016</LatitudeDegrees>
              <LongitudeDegrees>-8.62128596752882</LongitudeDegrees>
            </Position>
            <AltitudeMeters>35.20000076293945</AltitudeMeters>
            <DistanceMeters>866.260009765625</DistanceMeters>
            <HeartRateBpm>
              <Value>108</Value>
            </HeartRateBpm>
            <Extensions>
              <ns3:TPX>
                <ns3:Speed>1.5770000219345093</ns3:Speed>
              </ns3:TPX>
            </Extensions>
          </Trackpoint>
          <Trackpoint>
            <Time>2026-08-25T06:44:21.000Z</Time>
            <Position>
              <LatitudeDegrees>42.16340018436313</LatitudeDegrees>
              <LongitudeDegrees>-8.621251517906785</LongitudeDegrees>
            </Position>
            <AltitudeMeters>35.599998474121094</AltitudeMeters>
            <DistanceMeters>878.1799926757812</DistanceMeters>
            <HeartRateBpm>
              <Value>108</Value>
            </HeartRateBpm>
            <Extensions>
              <ns3:TPX>
                <ns3:Speed>1.194000005722046</ns3:Speed>
              </ns3:TPX>
            </Extensions>
          </Trackpoint>
          <Trackpoint>
            <Time>2026-08-25T06:44:27.000Z</Time>
            <Position>
              <LatitudeDegrees>42.1634431835264</LatitudeDegrees>
              <LongitudeDegrees>-8.621215810999274</LongitudeDegrees>
            </Position>
            <AltitudeMeters>35.599998474121094</AltitudeMeters>
            <DistanceMeters>882.6699829101562</DistanceMeters>
            <HeartRateBpm>
              <Value>105</Value>
            </HeartRateBpm>
            <Extensions>
              <ns3:TPX>
                <ns3:Speed>1.1480000019073486</ns3:Speed>
              </ns3:TPX>
            </Extensions>
          </Trackpoint>
          <Trackpoint>
            <Time>2026-08-25T06:44:29.000Z</Time>
            <Position>
              <LatitudeDegrees>42.16346832923591</LatitudeDegrees>
              <LongitudeDegrees>-8.621200723573565</LongitudeDegrees>
            </Position>
            <AltitudeMeters>35.599998474121094</AltitudeMeters>
            <DistanceMeters>885.5999755859375</DistanceMeters>
            <HeartRateBpm>
              <Value>105</Value>
            </HeartRateBpm>
            <Extensions>
              <ns3:TPX>
                <ns3:Speed>1.1660000085830688</ns3:Speed>
              </ns3:TPX>
            </Extensions>
          </Trackpoint>
          <Trackpoint>
            <Time>2026-08-25T06:44:32.000Z</Time>
            <Position>
              <LatitudeDegrees>42.163505628705025</LatitudeDegrees>
              <LongitudeDegrees>-8.62118043936789</LongitudeDegrees>
            </Position>
            <AltitudeMeters>35.79999923706055</AltitudeMeters>
            <DistanceMeters>890.4099731445312</DistanceMeters>
            <HeartRateBpm>
              <Value>104</Value>
            </HeartRateBpm>
            <Extensions>
              <ns3:TPX>
                <ns3:Speed>1.2130000591278076</ns3:Speed>
              </ns3:TPX>
            </Extensions>
          </Trackpoint>
          <Trackpoint>
            <Time>2026-08-25T06:44:38.000Z</Time>
            <Position>
              <LatitudeDegrees>42.163578886538744</LatitudeDegrees>
              <LongitudeDegrees>-8.621143139898777</LongitudeDegrees>
            </Position>
            <AltitudeMeters>36.0</AltitudeMeters>
            <DistanceMeters>898.97998046875</DistanceMeters>
            <HeartRateBpm>
              <Value>104</Value>
            </HeartRateBpm>
            <Extensions>
              <ns3:TPX>
                <ns3:Speed>1.2690000534057617</ns3:Speed>
              </ns3:TPX>
            </Extensions>
          </Trackpoint>
          <Trackpoint>
            <Time>2026-08-25T06:44:46.000Z</Time>
            <Position>
              <LatitudeDegrees>42.163681983947754</LatitudeDegrees>
              <LongitudeDegrees>-8.621108271181583</LongitudeDegrees>
            </Position>
            <AltitudeMeters>36.0</AltitudeMeters>
            <DistanceMeters>911.3099975585938</DistanceMeters>
            <HeartRateBpm>
              <Value>103</Value>
            </HeartRateBpm>
            <Extensions>
              <ns3:TPX>
                <ns3:Speed>1.399999976158142</ns3:Speed>
              </ns3:TPX>
            </Extensions>
          </Trackpoint>
          <Trackpoint>
            <Time>2026-08-25T06:44:55.000Z</Time>
            <Position>
              <LatitudeDegrees>42.163791032508016</LatitudeDegrees>
              <LongitudeDegrees>-8.62108513712883</LongitudeDegrees>
            </Position>
            <AltitudeMeters>36.599998474121094</AltitudeMeters>
            <DistanceMeters>923.6199951171875</DistanceMeters>
            <HeartRateBpm>
              <Value>104</Value>
            </HeartRateBpm>
            <Extensions>
              <ns3:TPX>
                <ns3:Speed>1.3899999856948853</ns3:Speed>
              </ns3:TPX>
            </Extensions>
          </Trackpoint>
          <Trackpoint>
            <Time>2026-08-25T06:45:01.000Z</Time>
            <Position>
              <LatitudeDegrees>42.16386211104691</LatitudeDegrees>
              <LongitudeDegrees>-8.621115563437343</LongitudeDegrees>
            </Position>
            <AltitudeMeters>36.20000076293945</AltitudeMeters>
            <DistanceMeters>933.1199951171875</DistanceMeters>
            <HeartRateBpm>
              <Value>105</Value>
            </HeartRateBpm>
            <Extensions>
              <ns3:TPX>
                <ns3:Speed>1.4739999771118164</ns3:Speed>
              </ns3:TPX>
            </Extensions>
          </Trackpoint>
          <Trackpoint>
            <Time>2026-08-25T06:45:10.000Z</Time>
            <Position>
              <LatitudeDegrees>42.16395531781018</LatitudeDegrees>
              <LongitudeDegrees>-8.62106703221798</LongitudeDegrees>
            </Position>
            <AltitudeMeters>36.79999923706055</AltitudeMeters>
            <DistanceMeters>941.47998046875</DistanceMeters>
            <HeartRateBpm>
              <Value>105</Value>
            </HeartRateBpm>
            <Extensions>
              <ns3:TPX>
                <ns3:Speed>1.2879999876022339</ns3:Speed>
              </ns3:TPX>
            </Extensions>
          </Trackpoint>
          <Trackpoint>
            <Time>2026-08-25T06:45:12.000Z</Time>
            <Position>
              <LatitudeDegrees>42.16398926451802</LatitudeDegrees>
              <LongitudeDegrees>-8.621054040268064</LongitudeDegrees>
            </Position>
            <AltitudeMeters>37.0</AltitudeMeters>
            <DistanceMeters>945.010009765625</DistanceMeters>
            <HeartRateBpm>
              <Value>104</Value>
            </HeartRateBpm>
            <Extensions>
              <ns3:TPX>
                <ns3:Speed>1.3339999914169312</ns3:Speed>
              </ns3:TPX>
            </Extensions>
          </Trackpoint>
          <Trackpoint>
            <Time>2026-08-25T06:45:16.000Z</Time>
            <Position>
              <LatitudeDegrees>42.164041735231876</LatitudeDegrees>
              <LongitudeDegrees>-8.621037360280752</LongitudeDegrees>
            </Position>
            <AltitudeMeters>37.0</AltitudeMeters>
            <DistanceMeters>951.5399780273438</DistanceMeters>
            <HeartRateBpm>
              <Value>104</Value>
            </HeartRateBpm>
            <Extensions>
              <ns3:TPX>
                <ns3:Speed>1.5019999742507935</ns3:Speed>
              </ns3:TPX>
            </Extensions>
          </Trackpoint>
          <Trackpoint>
            <Time>2026-08-25T06:45:20.000Z</Time>
            <Position>
              <LatitudeDegrees>42.164109041914344</LatitudeDegrees>
              <LongitudeDegrees>-8.621037444099784</LongitudeDegrees>
            </Position>
            <AltitudeMeters>37.20000076293945</AltitudeMeters>
            <DistanceMeters>959.8599853515625</DistanceMeters>
            <HeartRateBpm>
              <Value>104</Value>
            </HeartRateBpm>
            <Extensions>
              <ns3:TPX>
                <ns3:Speed>1.5299999713897705</ns3:Speed>
              </ns3:TPX>
            </Extensions>
          </Trackpoint>
          <Trackpoint>
            <Time>2026-08-25T06:45:26.000Z</Time>
            <Position>
              <LatitudeDegrees>42.16419671662152</LatitudeDegrees>
              <LongitudeDegrees>-8.621051106601954</LongitudeDegrees>
            </Position>
            <AltitudeMeters>36.79999923706055</AltitudeMeters>
            <DistanceMeters>970.489990234375</DistanceMeters>
            <HeartRateBpm>
              <Value>105</Value>
            </HeartRateBpm>
            <Extensions>
              <ns3:TPX>
                <ns3:Speed>1.6419999599456787</ns3:Speed>
              </ns3:TPX>
            </Extensions>
          </Trackpoint>
          <Trackpoint>
            <Time>2026-08-25T06:45:33.000Z</Time>
            <Position>
              <LatitudeDegrees>42.16431448236108</LatitudeDegrees>
              <LongitudeDegrees>-8.62104943022132</LongitudeDegrees>
            </Position>
            <AltitudeMeters>37.0</AltitudeMeters>
            <DistanceMeters>982.9000244140625</DistanceMeters>
            <HeartRateBpm>
              <Value>107</Value>
            </HeartRateBpm>
            <Extensions>
              <ns3:TPX>
                <ns3:Speed>1.6330000162124634</ns3:Speed>
              </ns3:TPX>
            </Extensions>
          </Trackpoint>
          <Trackpoint>
            <Time>2026-08-25T06:45:37.000Z</Time>
            <Position>
              <LatitudeDegrees>42.16434155590832</LatitudeDegrees>
              <LongitudeDegrees>-8.621028643101454</LongitudeDegrees>
            </Position>
            <AltitudeMeters>37.20000076293945</AltitudeMeters>
            <DistanceMeters>986.6900024414062</DistanceMeters>
            <HeartRateBpm>
              <Value>110</Value>
            </HeartRateBpm>
            <Extensions>
              <ns3:TPX>
                <ns3:Speed>1.6610000133514404</ns3:Speed>
              </ns3:TPX>
            </Extensions>
          </Trackpoint>
          <Trackpoint>
            <Time>2026-08-25T06:45:40.000Z</Time>
            <Position>
              <LatitudeDegrees>42.164369551464915</LatitudeDegrees>
              <LongitudeDegrees>-8.621009616181254</LongitudeDegrees>
            </Position>
            <AltitudeMeters>37.20000076293945</AltitudeMeters>
            <DistanceMeters>990.469970703125</DistanceMeters>
            <HeartRateBpm>
              <Value>110</Value>
            </HeartRateBpm>
            <Extensions>
              <ns3:TPX>
                <ns3:Speed>1.5579999685287476</ns3:Speed>
              </ns3:TPX>
            </Extensions>
          </Trackpoint>
          <Trackpoint>
            <Time>2026-08-25T06:45:49.000Z</Time>
            <Position>
              <LatitudeDegrees>42.1644620038569</LatitudeDegrees>
              <LongitudeDegrees>-8.620939292013645</LongitudeDegrees>
            </Position>
            <AltitudeMeters>37.400001525878906</AltitudeMeters>
            <DistanceMeters>1000.489990234375</DistanceMeters>
            <HeartRateBpm>
              <Value>111</Value>
            </HeartRateBpm>
            <Extensions>
              <ns3:TPX>
                <ns3:Speed>1.3530000448226929</ns3:Speed>
              </ns3:TPX>
            </Extensions>
          </Trackpoint>
          <Trackpoint>
            <Time>2026-08-25T06:45:50.000Z</Time>
            <Position>
              <LatitudeDegrees>42.16447675600648</LatitudeDegrees>
              <LongitudeDegrees>-8.620931999757886</LongitudeDegrees>
            </Position>
            <AltitudeMeters>37.400001525878906</AltitudeMeters>
            <DistanceMeters>1002.6699829101562</DistanceMeters>
            <HeartRateBpm>
              <Value>110</Value>
            </HeartRateBpm>
            <Extensions>
              <ns3:TPX>
                <ns3:Speed>1.3530000448226929</ns3:Speed>
              </ns3:TPX>
            </Extensions>
          </Trackpoint>
        </Track>
        <Extensions>
          <ns3:LX>
            <ns3:AvgSpeed>1.315000057220459</ns3:AvgSpeed>
            <ns3:AvgRunCadence>47</ns3:AvgRunCadence>
            <ns3:MaxRunCadence>68</ns3:MaxRunCadence>
          </ns3:LX>
        </Extensions>
      </Lap>
      <Lap StartTime="2026-08-25T06:45:50.000Z">
        <TotalTimeSeconds>744.147</TotalTimeSeconds>
        <DistanceMeters>851.88</DistanceMeters>
        <MaximumSpeed>2.052999973297119</MaximumSpeed>
        <Calories>72</Calories>
        <AverageHeartRateBpm>
          <Value>112</Value>
        </AverageHeartRateBpm>
        <MaximumHeartRateBpm>
          <Value>135</Value>
        </MaximumHeartRateBpm>
        <Intensity>Active</Intensity>
        <TriggerMethod>Manual</TriggerMethod>
        <Track>
          <Trackpoint>
            <Time>2026-08-25T06:45:50.000Z</Time>
            <Position>
              <LatitudeDegrees>42.16447675600648</LatitudeDegrees>
              <LongitudeDegrees>-8.620931999757886</LongitudeDegrees>
            </Position>
            <AltitudeMeters>37.400001525878906</AltitudeMeters>
            <DistanceMeters>1002.6699829101562</DistanceMeters>
            <HeartRateBpm>
              <Value>110</Value>
            </HeartRateBpm>
            <Extensions>
              <ns3:TPX>
                <ns3:Speed>1.3530000448226929</ns3:Speed>
              </ns3:TPX>
            </Extensions>
          </Trackpoint>
          <Trackpoint>
            <Time>2026-08-25T06:45:56.000Z</Time>
            <Position>
              <LatitudeDegrees>42.164560072124004</LatitudeDegrees>
              <LongitudeDegrees>-8.620887994766235</LongitudeDegrees>
            </Position>
            <AltitudeMeters>37.599998474121094</AltitudeMeters>
            <DistanceMeters>1010.9099731445312</DistanceMeters>
            <HeartRateBpm>
              <Value>110</Value>
            </HeartRateBpm>
            <Extensions>
              <ns3:TPX>
                <ns3:Speed>1.399999976158142</ns3:Speed>
              </ns3:TPX>
            </Extensions>
          </Trackpoint>
          <Trackpoint>
            <Time>2026-08-25T06:46:02.000Z</Time>
            <Position>
              <LatitudeDegrees>42.164694936946034</LatitudeDegrees>
              <LongitudeDegrees>-8.620952870696783</LongitudeDegrees>
            </Position>
            <AltitudeMeters>37.79999923706055</AltitudeMeters>
            <DistanceMeters>1028.5799560546875</DistanceMeters>
            <HeartRateBpm>
              <Value>110</Value>
            </HeartRateBpm>
            <Extensions>
              <ns3:TPX>
                <ns3:Speed>2.00600004196167</ns3:Speed>
              </ns3:TPX>
            </Extensions>
          </Trackpoint>
          <Trackpoint>
            <Time>2026-08-25T06:46:08.000Z</Time>
            <Position>
              <LatitudeDegrees>42.1647500898689</LatitudeDegrees>
              <LongitudeDegrees>-8.62096443772316</LongitudeDegrees>
            </Position>
            <AltitudeMeters>37.79999923706055</AltitudeMeters>
            <DistanceMeters>1034.81005859375</DistanceMeters>
            <HeartRateBpm>
              <Value>111</Value>
            </HeartRateBpm>
            <Extensions>
              <ns3:TPX>
                <ns3:Speed>1.4559999704360962</ns3:Speed>
              </ns3:TPX>
            </Extensions>
          </Trackpoint>
          <Trackpoint>
            <Time>2026-08-25T06:46:10.000Z</Time>
            <Position>
              <LatitudeDegrees>42.16477129608393</LatitudeDegrees>
              <LongitudeDegrees>-8.620961336418986</LongitudeDegrees>
            </Position>
            <AltitudeMeters>38.0</AltitudeMeters>
            <DistanceMeters>1037.0999755859375</DistanceMeters>
            <HeartRateBpm>
              <Value>110</Value>
            </HeartRateBpm>
            <Extensions>
              <ns3:TPX>
                <ns3:Speed>1.4559999704360962</ns3:Speed>
              </ns3:TPX>
            </Extensions>
          </Trackpoint>
          <Trackpoint>
            <Time>2026-08-25T06:46:16.000Z</Time>
            <Position>
              <LatitudeDegrees>42.164852349087596</LatitudeDegrees>
              <LongitudeDegrees>-8.620933759957552</LongitudeDegrees>
            </Position>
            <AltitudeMeters>38.0</AltitudeMeters>
            <DistanceMeters>1046.77001953125</DistanceMeters>
            <HeartRateBpm>
              <Value>111</Value>
            </HeartRateBpm>
            <Extensions>
              <ns3:TPX>
                <ns3:Speed>1.465000033378601</ns3:Speed>
              </ns3:TPX>
            </Extensions>
          </Trackpoint>
          <Trackpoint>
            <Time>2026-08-25T06:46:28.000Z</Time>
            <Position>
              <LatitudeDegrees>42.16502451337874</LatitudeDegrees>
              <LongitudeDegrees>-8.620868297293782</LongitudeDegrees>
            </Position>
            <AltitudeMeters>38.400001525878906</AltitudeMeters>
            <DistanceMeters>1066.050048828125</DistanceMeters>
            <HeartRateBpm>
              <Value>109</Value>
            </HeartRateBpm>
            <Extensions>
              <ns3:TPX>
                <ns3:Speed>1.5490000247955322</ns3:Speed>
              </ns3:TPX>
            </Extensions>
          </Trackpoint>
          <Trackpoint>
            <Time>2026-08-25T06:46:41.000Z</Time>
            <Position>
              <LatitudeDegrees>42.1651750523597</LatitudeDegrees>
              <LongitudeDegrees>-8.620823454111814</LongitudeDegrees>
            </Position>
            <AltitudeMeters>38.599998474121094</AltitudeMeters>
            <DistanceMeters>1084.3499755859375</DistanceMeters>
            <HeartRateBpm>
              <Value>109</Value>
            </HeartRateBpm>
            <Extensions>
              <ns3:TPX>
                <ns3:Speed>1.4930000305175781</ns3:Speed>
              </ns3:TPX>
            </Extensions>
          </Trackpoint>
          <Trackpoint>
            <Time>2026-08-25T06:46:49.000Z</Time>
            <Position>
              <LatitudeDegrees>42.16527228243649</LatitudeDegrees>
              <LongitudeDegrees>-8.620785064995289</LongitudeDegrees>
            </Position>
            <AltitudeMeters>38.79999923706055</AltitudeMeters>
            <DistanceMeters>1095.4000244140625</DistanceMeters>
            <HeartRateBpm>
              <Value>109</Value>
            </HeartRateBpm>
            <Extensions>
              <ns3:TPX>
                <ns3:Speed>1.5019999742507935</ns3:Speed>
              </ns3:TPX>
            </Extensions>
          </Trackpoint>
          <Trackpoint>
            <Time>2026-08-25T06:46:53.000Z</Time>
            <Position>
              <LatitudeDegrees>42.16531611979008</LatitudeDegrees>
              <LongitudeDegrees>-8.620761511847377</LongitudeDegrees>
            </Position>
            <AltitudeMeters>39.0</AltitudeMeters>
            <DistanceMeters>1100.8499755859375</DistanceMeters>
            <HeartRateBpm>
              <Value>109</Value>
            </HeartRateBpm>
            <Extensions>
              <ns3:TPX>
                <ns3:Speed>1.4739999771118164</ns3:Speed>
              </ns3:TPX>
            </Extensions>
          </Trackpoint>
          <Trackpoint>
            <Time>2026-08-25T06:46:58.000Z</Time>
            <Position>
              <LatitudeDegrees>42.165372194722295</LatitudeDegrees>
              <LongitudeDegrees>-8.620756734162569</LongitudeDegrees>
            </Position>
            <AltitudeMeters>39.20000076293945</AltitudeMeters>
            <DistanceMeters>1106.4599609375</DistanceMeters>
            <HeartRateBpm>
              <Value>108</Value>
            </HeartRateBpm>
            <Extensions>
              <ns3:TPX>
                <ns3:Speed>1.2879999876022339</ns3:Speed>
              </ns3:TPX>
            </Extensions>
          </Trackpoint>
          <Trackpoint>
            <Time>2026-08-25T06:47:08.000Z</Time>
            <Position>
              <LatitudeDegrees>42.16548635624349</LatitudeDegrees>
              <LongitudeDegrees>-8.620709963142872</LongitudeDegrees>
            </Position>
            <AltitudeMeters>39.599998474121094</AltitudeMeters>
            <DistanceMeters>1119.9599609375</DistanceMeters>
            <HeartRateBpm>
              <Value>106</Value>
            </HeartRateBpm>
            <Extensions>
              <ns3:TPX>
                <ns3:Speed>1.305999994277954</ns3:Speed>
              </ns3:TPX>
            </Extensions>
          </Trackpoint>
          <Trackpoint>
            <Time>2026-08-25T06:47:10.000Z</Time>
            <Position>
              <LatitudeDegrees>42.1655032876879</LatitudeDegrees>
              <LongitudeDegrees>-8.6206981446594</LongitudeDegrees>
            </Position>
            <AltitudeMeters>39.79999923706055</AltitudeMeters>
            <DistanceMeters>1122.1800537109375</DistanceMeters>
            <HeartRateBpm>
              <Value>105</Value>
            </HeartRateBpm>
            <Extensions>
              <ns3:TPX>
                <ns3:Speed>1.277999997138977</ns3:Speed>
              </ns3:TPX>
            </Extensions>
          </Trackpoint>
          <Trackpoint>
            <Time>2026-08-25T06:47:13.000Z</Time>
            <Position>
              <LatitudeDegrees>42.16552357189357</LatitudeDegrees>
              <LongitudeDegrees>-8.620682889595628</LongitudeDegrees>
            </Position>
            <AltitudeMeters>40.0</AltitudeMeters>
            <DistanceMeters>1124.27001953125</DistanceMeters>
            <HeartRateBpm>
              <Value>105</Value>
            </HeartRateBpm>
            <Extensions>
              <ns3:TPX>
                <ns3:Speed>1.2599999904632568</ns3:Speed>
              </ns3:TPX>
            </Extensions>
          </Trackpoint>
          <Trackpoint>
            <Time>2026-08-25T06:47:16.000Z</Time>
            <Position>
              <LatitudeDegrees>42.165550561621785</LatitudeDegrees>
              <LongitudeDegrees>-8.620671909302473</LongitudeDegrees>
            </Position>
            <AltitudeMeters>40.20000076293945</AltitudeMeters>
            <DistanceMeters>1127.300048828125</DistanceMeters>
            <HeartRateBpm>
              <Value>106</Value>
            </HeartRateBpm>
            <Extensions>
              <ns3:TPX>
                <ns3:Speed>1.2130000591278076</ns3:Speed>
              </ns3:TPX>
            </Extensions>
          </Trackpoint>
          <Trackpoint>
            <Time>2026-08-25T06:47:21.000Z</Time>
            <Position>
              <LatitudeDegrees>42.165545616298914</LatitudeDegrees>
              <LongitudeDegrees>-8.62065170891583</LongitudeDegrees>
            </Position>
            <AltitudeMeters>40.0</AltitudeMeters>
            <DistanceMeters>1128.6700439453125</DistanceMeters>
            <HeartRateBpm>
              <Value>107</Value>
            </HeartRateBpm>
            <Extensions>
              <ns3:TPX>
                <ns3:Speed>0.9330000281333923</ns3:Speed>
              </ns3:TPX>
            </Extensions>
          </Trackpoint>
          <Trackpoint>
            <Time>2026-08-25T06:47:22.000Z</Time>
            <Position>
              <LatitudeDegrees>42.16554846614599</LatitudeDegrees>
              <LongitudeDegrees>-8.620641147717834</LongitudeDegrees>
            </Position>
            <AltitudeMeters>40.0</AltitudeMeters>
            <DistanceMeters>1129.6199951171875</DistanceMeters>
            <HeartRateBpm>
              <Value>107</Value>
            </HeartRateBpm>
            <Extensions>
              <ns3:TPX>
                <ns3:Speed>0.8679999709129333</ns3:Speed>
              </ns3:TPX>
            </Extensions>
          </Trackpoint>
          <Trackpoint>
            <Time>2026-08-25T06:47:29.000Z</Time>
            <Position>
              <LatitudeDegrees>42.16552751138806</LatitudeDegrees>
              <LongitudeDegrees>-8.620550204068422</LongitudeDegrees>
            </Position>
            <AltitudeMeters>40.0</AltitudeMeters>
            <DistanceMeters>1137.489990234375</DistanceMeters>
            <HeartRateBpm>
              <Value>107</Value>
            </HeartRateBpm>
            <Extensions>
              <ns3:TPX>
                <ns3:Speed>1.0360000133514404</ns3:Speed>
              </ns3:TPX>
            </Extensions>
          </Trackpoint>
          <Trackpoint>
            <Time>2026-08-25T06:47:36.000Z</Time>
            <Position>
              <LatitudeDegrees>42.16553564183414</LatitudeDegrees>
              <LongitudeDegrees>-8.620460601523519</LongitudeDegrees>
            </Position>
            <AltitudeMeters>40.79999923706055</AltitudeMeters>
            <DistanceMeters>1144.75</DistanceMeters>
            <HeartRateBpm>
              <Value>107</Value>
            </HeartRateBpm>
            <Extensions>
              <ns3:TPX>
                <ns3:Speed>1.0449999570846558</ns3:Speed>
              </ns3:TPX>
            </Extensions>
          </Trackpoint>
          <Trackpoint>
            <Time>2026-08-25T06:47:39.000Z</Time>
            <Position>
              <LatitudeDegrees>42.16552181169391</LatitudeDegrees>
              <LongitudeDegrees>-8.620413662865758</LongitudeDegrees>
            </Position>
            <AltitudeMeters>41.0</AltitudeMeters>
            <DistanceMeters>1148.5999755859375</DistanceMeters>
            <HeartRateBpm>
              <Value>107</Value>
            </HeartRateBpm>
            <Extensions>
              <ns3:TPX>
                <ns3:Speed>1.1200000047683716</ns3:Speed>
              </ns3:TPX>
            </Extensions>
          </Trackpoint>
          <Trackpoint>
            <Time>2026-08-25T06:47:46.000Z</Time>
            <Position>
              <LatitudeDegrees>42.165477303788066</LatitudeDegrees>
              <LongitudeDegrees>-8.620305033400655</LongitudeDegrees>
            </Position>
            <AltitudeMeters>41.20000076293945</AltitudeMeters>
            <DistanceMeters>1158.9100341796875</DistanceMeters>
            <HeartRateBpm>
              <Value>107</Value>
            </HeartRateBpm>
            <Extensions>
              <ns3:TPX>
                <ns3:Speed>1.3250000476837158</ns3:Speed>
              </ns3:TPX>
            </Extensions>
          </Trackpoint>
          <Trackpoint>
            <Time>2026-08-25T06:47:52.000Z</Time>
            <Position>
              <LatitudeDegrees>42.165448386222124</LatitudeDegrees>
              <LongitudeDegrees>-8.620222052559257</LongitudeDegrees>
            </Position>
            <AltitudeMeters>41.599998474121094</AltitudeMeters>
            <DistanceMeters>1166.3699951171875</DistanceMeters>
            <HeartRateBpm>
              <Value>110</Value>
            </HeartRateBpm>
            <Extensions>
              <ns3:TPX>
                <ns3:Speed>1.2970000505447388</ns3:Speed>
              </ns3:TPX>
            </Extensions>
          </Trackpoint>
          <Trackpoint>
            <Time>2026-08-25T06:47:55.000Z</Time>
            <Position>
              <LatitudeDegrees>42.16543581336737</LatitudeDegrees>
              <LongitudeDegrees>-8.620179388672113</LongitudeDegrees>
            </Position>
            <AltitudeMeters>41.599998474121094</AltitudeMeters>
            <DistanceMeters>1170.27001953125</DistanceMeters>
            <HeartRateBpm>
              <Value>111</Value>
            </HeartRateBpm>
            <Extensions>
              <ns3:TPX>
                <ns3:Speed>1.2879999876022339</ns3:Speed>
              </ns3:TPX>
            </Extensions>
          </Trackpoint>
          <Trackpoint>
            <Time>2026-08-25T06:48:03.000Z</Time>
            <Position>
              <LatitudeDegrees>42.16544712893665</LatitudeDegrees>
              <LongitudeDegrees>-8.620058773085475</LongitudeDegrees>
            </Position>
            <AltitudeMeters>41.79999923706055</AltitudeMeters>
            <DistanceMeters>1180.3399658203125</DistanceMeters>
            <HeartRateBpm>
              <Value>112</Value>
            </HeartRateBpm>
            <Extensions>
              <ns3:TPX>
                <ns3:Speed>1.25</ns3:Speed>
              </ns3:TPX>
            </Extensions>
          </Trackpoint>
          <Trackpoint>
            <Time>2026-08-25T06:48:05.000Z</Time>
            <Position>
              <LatitudeDegrees>42.16547462157905</LatitudeDegrees>
              <LongitudeDegrees>-8.620053324848413</LongitudeDegrees>
            </Position>
            <AltitudeMeters>41.79999923706055</AltitudeMeters>
            <DistanceMeters>1183.0</DistanceMeters>
            <HeartRateBpm>
              <Value>110</Value>
            </HeartRateBpm>
            <Extensions>
              <ns3:TPX>
                <ns3:Speed>1.25</ns3:Speed>
              </ns3:TPX>
            </Extensions>
          </Trackpoint>
          <Trackpoint>
            <Time>2026-08-25T06:48:07.000Z</Time>
            <Position>
              <LatitudeDegrees>42.16550881974399</LatitudeDegrees>
              <LongitudeDegrees>-8.620044691488147</LongitudeDegrees>
            </Position>
            <AltitudeMeters>41.79999923706055</AltitudeMeters>
            <DistanceMeters>1186.8699951171875</DistanceMeters>
            <HeartRateBpm>
              <Value>107</Value>
            </HeartRateBpm>
            <Extensions>
              <ns3:TPX>
                <ns3:Speed>1.2599999904632568</ns3:Speed>
              </ns3:TPX>
            </Extensions>
          </Trackpoint>
          <Trackpoint>
            <Time>2026-08-25T06:48:10.000Z</Time>
            <Position>
              <LatitudeDegrees>42.165552992373705</LatitudeDegrees>
              <LongitudeDegrees>-8.620038405060768</LongitudeDegrees>
            </Position>
            <AltitudeMeters>41.79999923706055</AltitudeMeters>
            <DistanceMeters>1192.18994140625</DistanceMeters>
            <HeartRateBpm>
              <Value>107</Value>
            </HeartRateBpm>
            <Extensions>
              <ns3:TPX>
                <ns3:Speed>1.3530000448226929</ns3:Speed>
              </ns3:TPX>
            </Extensions>
          </Trackpoint>
          <Trackpoint>
            <Time>2026-08-25T06:48:16.000Z</Time>
            <Position>
              <LatitudeDegrees>42.16563446447253</LatitudeDegrees>
              <LongitudeDegrees>-8.620032453909516</LongitudeDegrees>
            </Position>
            <AltitudeMeters>41.79999923706055</AltitudeMeters>
            <DistanceMeters>1201.93994140625</DistanceMeters>
            <HeartRateBpm>
              <Value>110</Value>
            </HeartRateBpm>
            <Extensions>
              <ns3:TPX>
                <ns3:Speed>1.5119999647140503</ns3:Speed>
              </ns3:TPX>
            </Extensions>
          </Trackpoint>
          <Trackpoint>
            <Time>2026-08-25T06:48:19.000Z</Time>
            <Position>
              <LatitudeDegrees>42.16567193157971</LatitudeDegrees>
              <LongitudeDegrees>-8.620049552991986</LongitudeDegrees>
            </Position>
            <AltitudeMeters>41.79999923706055</AltitudeMeters>
            <DistanceMeters>1206.3199462890625</DistanceMeters>
            <HeartRateBpm>
              <Value>113</Value>
            </HeartRateBpm>
            <Extensions>
              <ns3:TPX>
                <ns3:Speed>1.4839999675750732</ns3:Speed>
              </ns3:TPX>
            </Extensions>
          </Trackpoint>
          <Trackpoint>
            <Time>2026-08-25T06:48:21.000Z</Time>
            <Position>
              <LatitudeDegrees>42.16569531708956</LatitudeDegrees>
              <LongitudeDegrees>-8.620061539113522</LongitudeDegrees>
            </Position>
            <AltitudeMeters>42.20000076293945</AltitudeMeters>
            <DistanceMeters>1209.6700439453125</DistanceMeters>
            <HeartRateBpm>
              <Value>113</Value>
            </HeartRateBpm>
            <Extensions>
              <ns3:TPX>
                <ns3:Speed>1.4930000305175781</ns3:Speed>
              </ns3:TPX>
            </Extensions>
          </Trackpoint>
          <Trackpoint>
            <Time>2026-08-25T06:48:28.000Z</Time>
            <Position>
              <LatitudeDegrees>42.16573555022478</LatitudeDegrees>
              <LongitudeDegrees>-8.620083751156926</LongitudeDegrees>
            </Position>
            <AltitudeMeters>42.20000076293945</AltitudeMeters>
            <DistanceMeters>1213.9100341796875</DistanceMeters>
            <HeartRateBpm>
              <Value>114</Value>
            </HeartRateBpm>
            <Extensions>
              <ns3:TPX>
                <ns3:Speed>1.128999948501587</ns3:Speed>
              </ns3:TPX>
            </Extensions>
          </Trackpoint>
          <Trackpoint>
            <Time>2026-08-25T06:48:35.000Z</Time>
            <Position>
              <LatitudeDegrees>42.16576094739139</LatitudeDegrees>
              <LongitudeDegrees>-8.620067993178964</LongitudeDegrees>
            </Position>
            <AltitudeMeters>41.79999923706055</AltitudeMeters>
            <DistanceMeters>1217.47998046875</DistanceMeters>
            <HeartRateBpm>
              <Value>115</Value>
            </HeartRateBpm>
            <Extensions>
              <ns3:TPX>
                <ns3:Speed>0.0</ns3:Speed>
              </ns3:TPX>
            </Extensions>
          </Trackpoint>
          <Trackpoint>
            <Time>2026-08-25T06:48:37.000Z</Time>
            <Position>
              <LatitudeDegrees>42.165761617943645</LatitudeDegrees>
              <LongitudeDegrees>-8.620073944330215</LongitudeDegrees>
            </Position>
            <AltitudeMeters>42.0</AltitudeMeters>
            <DistanceMeters>1218.3199462890625</DistanceMeters>
            <HeartRateBpm>
              <Value>112</Value>
            </HeartRateBpm>
            <Extensions>
              <ns3:TPX>
                <ns3:Speed>0.0</ns3:Speed>
              </ns3:TPX>
            </Extensions>
          </Trackpoint>
          <Trackpoint>
            <Time>2026-08-25T06:48:39.000Z</Time>
            <Position>
              <LatitudeDegrees>42.16575407423079</LatitudeDegrees>
              <LongitudeDegrees>-8.62008249387145</LongitudeDegrees>
            </Position>
            <AltitudeMeters>42.20000076293945</AltitudeMeters>
            <DistanceMeters>1218.989990234375</DistanceMeters>
            <HeartRateBpm>
              <Value>109</Value>
            </HeartRateBpm>
            <Extensions>
              <ns3:TPX>
                <ns3:Speed>0.0</ns3:Speed>
              </ns3:TPX>
            </Extensions>
          </Trackpoint>
          <Trackpoint>
            <Time>2026-08-25T06:48:42.000Z</Time>
            <Position>
              <LatitudeDegrees>42.165756756439805</LatitudeDegrees>
              <LongitudeDegrees>-8.620088025927544</LongitudeDegrees>
            </Position>
            <AltitudeMeters>42.400001525878906</AltitudeMeters>
            <DistanceMeters>1219.280029296875</DistanceMeters>
            <HeartRateBpm>
              <Value>108</Value>
            </HeartRateBpm>
            <Extensions>
              <ns3:TPX>
                <ns3:Speed>0.0</ns3:Speed>
              </ns3:TPX>
            </Extensions>
          </Trackpoint>
          <Trackpoint>
            <Time>2026-08-25T06:48:48.000Z</Time>
            <Position>
              <LatitudeDegrees>42.165827080607414</LatitudeDegrees>
              <LongitudeDegrees>-8.620118955150247</LongitudeDegrees>
            </Position>
            <AltitudeMeters>42.400001525878906</AltitudeMeters>
            <DistanceMeters>1226.719970703125</DistanceMeters>
            <HeartRateBpm>
              <Value>109</Value>
            </HeartRateBpm>
            <Extensions>
              <ns3:TPX>
                <ns3:Speed>0.5320000052452087</ns3:Speed>
              </ns3:TPX>
            </Extensions>
          </Trackpoint>
          <Trackpoint>
            <Time>2026-08-25T06:48:52.000Z</Time>
            <Position>
              <LatitudeDegrees>42.165878377854824</LatitudeDegrees>
              <LongitudeDegrees>-8.62014016136527</LongitudeDegrees>
            </Position>
            <AltitudeMeters>42.400001525878906</AltitudeMeters>
            <DistanceMeters>1233.010009765625</DistanceMeters>
            <HeartRateBpm>
              <Value>104</Value>
            </HeartRateBpm>
            <Extensions>
              <ns3:TPX>
                <ns3:Speed>1.6519999504089355</ns3:Speed>
              </ns3:TPX>
            </Extensions>
          </Trackpoint>
          <Trackpoint>
            <Time>2026-08-25T06:49:00.000Z</Time>
            <Position>
              <LatitudeDegrees>42.16597594320774</LatitudeDegrees>
              <LongitudeDegrees>-8.620189363136888</LongitudeDegrees>
            </Position>
            <AltitudeMeters>42.400001525878906</AltitudeMeters>
            <DistanceMeters>1244.469970703125</DistanceMeters>
            <HeartRateBpm>
              <Value>106</Value>
            </HeartRateBpm>
            <Extensions>
              <ns3:TPX>
                <ns3:Speed>1.38100004196167</ns3:Speed>
              </ns3:TPX>
            </Extensions>
          </Trackpoint>
          <Trackpoint>
            <Time>2026-08-25T06:49:12.000Z</Time>
            <Position>
              <LatitudeDegrees>42.16611499898136</LatitudeDegrees>
              <LongitudeDegrees>-8.6202974896878</LongitudeDegrees>
            </Position>
            <AltitudeMeters>42.400001525878906</AltitudeMeters>
            <DistanceMeters>1262.9100341796875</DistanceMeters>
            <HeartRateBpm>
              <Value>107</Value>
            </HeartRateBpm>
            <Extensions>
              <ns3:TPX>
                <ns3:Speed>1.4739999771118164</ns3:Speed>
              </ns3:TPX>
            </Extensions>
          </Trackpoint>
          <Trackpoint>
            <Time>2026-08-25T06:49:20.000Z</Time>
            <Position>
              <LatitudeDegrees>42.16618943028152</LatitudeDegrees>
              <LongitudeDegrees>-8.62036689184606</LongitudeDegrees>
            </Position>
            <AltitudeMeters>42.20000076293945</AltitudeMeters>
            <DistanceMeters>1272.8599853515625</DistanceMeters>
            <HeartRateBpm>
              <Value>107</Value>
            </HeartRateBpm>
            <Extensions>
              <ns3:TPX>
                <ns3:Speed>1.343999981880188</ns3:Speed>
              </ns3:TPX>
            </Extensions>
          </Trackpoint>
          <Trackpoint>
            <Time>2026-08-25T06:49:27.000Z</Time>
            <Position>
              <LatitudeDegrees>42.16627526097</LatitudeDegrees>
              <LongitudeDegrees>-8.620413662865758</LongitudeDegrees>
            </Position>
            <AltitudeMeters>42.20000076293945</AltitudeMeters>
            <DistanceMeters>1282.6199951171875</DistanceMeters>
            <HeartRateBpm>
              <Value>107</Value>
            </HeartRateBpm>
            <Extensions>
              <ns3:TPX>
                <ns3:Speed>1.3339999914169312</ns3:Speed>
              </ns3:TPX>
            </Extensions>
          </Trackpoint>
          <Trackpoint>
            <Time>2026-08-25T06:49:34.000Z</Time>
            <Position>
              <LatitudeDegrees>42.166374837979674</LatitudeDegrees>
              <LongitudeDegrees>-8.620400503277779</LongitudeDegrees>
            </Position>
            <AltitudeMeters>42.599998474121094</AltitudeMeters>
            <DistanceMeters>1293.4200439453125</DistanceMeters>
            <HeartRateBpm>
              <Value>109</Value>
            </HeartRateBpm>
            <Extensions>
              <ns3:TPX>
                <ns3:Speed>1.3530000448226929</ns3:Speed>
              </ns3:TPX>
            </Extensions>
          </Trackpoint>
          <Trackpoint>
            <Time>2026-08-25T06:49:39.000Z</Time>
            <Position>
              <LatitudeDegrees>42.166442815214396</LatitudeDegrees>
              <LongitudeDegrees>-8.620387259870768</LongitudeDegrees>
            </Position>
            <AltitudeMeters>43.20000076293945</AltitudeMeters>
            <DistanceMeters>1301.489990234375</DistanceMeters>
            <HeartRateBpm>
              <Value>110</Value>
            </HeartRateBpm>
            <Extensions>
              <ns3:TPX>
                <ns3:Speed>1.38100004196167</ns3:Speed>
              </ns3:TPX>
            </Extensions>
          </Trackpoint>
          <Trackpoint>
            <Time>2026-08-25T06:49:43.000Z</Time>
            <Position>
              <LatitudeDegrees>42.16649637557566</LatitudeDegrees>
              <LongitudeDegrees>-8.620371585711837</LongitudeDegrees>
            </Position>
            <AltitudeMeters>43.599998474121094</AltitudeMeters>
            <DistanceMeters>1307.5</DistanceMeters>
            <HeartRateBpm>
              <Value>109</Value>
            </HeartRateBpm>
            <Extensions>
              <ns3:TPX>
                <ns3:Speed>1.399999976158142</ns3:Speed>
              </ns3:TPX>
            </Extensions>
          </Trackpoint>
          <Trackpoint>
            <Time>2026-08-25T06:49:53.000Z</Time>
            <Position>
              <LatitudeDegrees>42.1666222717613</LatitudeDegrees>
              <LongitudeDegrees>-8.620337890461087</LongitudeDegrees>
            </Position>
            <AltitudeMeters>44.0</AltitudeMeters>
            <DistanceMeters>1321.8900146484375</DistanceMeters>
            <HeartRateBpm>
              <Value>108</Value>
            </HeartRateBpm>
            <Extensions>
              <ns3:TPX>
                <ns3:Speed>1.4279999732971191</ns3:Speed>
              </ns3:TPX>
            </Extensions>
          </Trackpoint>
          <Trackpoint>
            <Time>2026-08-25T06:49:56.000Z</Time>
            <Position>
              <LatitudeDegrees>42.16665797866881</LatitudeDegrees>
              <LongitudeDegrees>-8.620333448052406</LongitudeDegrees>
            </Position>
            <AltitudeMeters>44.20000076293945</AltitudeMeters>
            <DistanceMeters>1326.25</DistanceMeters>
            <HeartRateBpm>
              <Value>108</Value>
            </HeartRateBpm>
            <Extensions>
              <ns3:TPX>
                <ns3:Speed>1.4279999732971191</ns3:Speed>
              </ns3:TPX>
            </Extensions>
          </Trackpoint>
          <Trackpoint>
            <Time>2026-08-25T06:50:02.000Z</Time>
            <Position>
              <LatitudeDegrees>42.16672654263675</LatitudeDegrees>
              <LongitudeDegrees>-8.620320288464427</LongitudeDegrees>
            </Position>
            <AltitudeMeters>44.400001525878906</AltitudeMeters>
            <DistanceMeters>1333.239990234375</DistanceMeters>
            <HeartRateBpm>
              <Value>106</Value>
            </HeartRateBpm>
            <Extensions>
              <ns3:TPX>
                <ns3:Speed>1.4279999732971191</ns3:Speed>
              </ns3:TPX>
            </Extensions>
          </Trackpoint>
          <Trackpoint>
            <Time>2026-08-25T06:50:12.000Z</Time>
            <Position>
              <LatitudeDegrees>42.16686023399234</LatitudeDegrees>
              <LongitudeDegrees>-8.620286593213677</LongitudeDegrees>
            </Position>
            <AltitudeMeters>45.0</AltitudeMeters>
            <DistanceMeters>1348.4599609375</DistanceMeters>
            <HeartRateBpm>
              <Value>106</Value>
            </HeartRateBpm>
            <Extensions>
              <ns3:TPX>
                <ns3:Speed>1.4279999732971191</ns3:Speed>
              </ns3:TPX>
            </Extensions>
          </Trackpoint>
          <Trackpoint>
            <Time>2026-08-25T06:50:16.000Z</Time>
            <Position>
              <LatitudeDegrees>42.16691178269684</LatitudeDegrees>
              <LongitudeDegrees>-8.620266811922193</LongitudeDegrees>
            </Position>
            <AltitudeMeters>45.20000076293945</AltitudeMeters>
            <DistanceMeters>1354.489990234375</DistanceMeters>
            <HeartRateBpm>
              <Value>109</Value>
            </HeartRateBpm>
            <Extensions>
              <ns3:TPX>
                <ns3:Speed>1.4279999732971191</ns3:Speed>
              </ns3:TPX>
            </Extensions>
          </Trackpoint>
          <Trackpoint>
            <Time>2026-08-25T06:50:18.000Z</Time>
            <Position>
              <LatitudeDegrees>42.16693801805377</LatitudeDegrees>
              <LongitudeDegrees>-8.620263207703829</LongitudeDegrees>
            </Position>
            <AltitudeMeters>45.20000076293945</AltitudeMeters>
            <DistanceMeters>1357.0999755859375</DistanceMeters>
            <HeartRateBpm>
              <Value>109</Value>
            </HeartRateBpm>
            <Extensions>
              <ns3:TPX>
                <ns3:Speed>1.4279999732971191</ns3:Speed>
              </ns3:TPX>
            </Extensions>
          </Trackpoint>
          <Trackpoint>
            <Time>2026-08-25T06:50:21.000Z</Time>
            <Position>
              <LatitudeDegrees>42.16697514988482</LatitudeDegrees>
              <LongitudeDegrees>-8.620252814143896</LongitudeDegrees>
            </Position>
            <AltitudeMeters>45.400001525878906</AltitudeMeters>
            <DistanceMeters>1361.4200439453125</DistanceMeters>
            <HeartRateBpm>
              <Value>109</Value>
            </HeartRateBpm>
            <Extensions>
              <ns3:TPX>
                <ns3:Speed>1.4279999732971191</ns3:Speed>
              </ns3:TPX>
            </Extensions>
          </Trackpoint>
          <Trackpoint>
            <Time>2026-08-25T06:50:28.000Z</Time>
            <Position>
              <LatitudeDegrees>42.16705142520368</LatitudeDegrees>
              <LongitudeDegrees>-8.620225489139557</LongitudeDegrees>
            </Position>
            <AltitudeMeters>45.79999923706055</AltitudeMeters>
            <DistanceMeters>1370.260009765625</DistanceMeters>
            <HeartRateBpm>
              <Value>112</Value>
            </HeartRateBpm>
            <Extensions>
              <ns3:TPX>
                <ns3:Speed>1.437000036239624</ns3:Speed>
              </ns3:TPX>
            </Extensions>
          </Trackpoint>
          <Trackpoint>
            <Time>2026-08-25T06:50:30.000Z</Time>
            <Position>
              <LatitudeDegrees>42.16708025895059</LatitudeDegrees>
              <LongitudeDegrees>-8.620220962911844</LongitudeDegrees>
            </Position>
            <AltitudeMeters>45.79999923706055</AltitudeMeters>
            <DistanceMeters>1372.9200439453125</DistanceMeters>
            <HeartRateBpm>
              <Value>112</Value>
            </HeartRateBpm>
            <Extensions>
              <ns3:TPX>
                <ns3:Speed>1.4279999732971191</ns3:Speed>
              </ns3:TPX>
            </Extensions>
          </Trackpoint>
          <Trackpoint>
            <Time>2026-08-25T06:50:38.000Z</Time>
            <Position>
              <LatitudeDegrees>42.167170867323875</LatitudeDegrees>
              <LongitudeDegrees>-8.620201600715518</LongitudeDegrees>
            </Position>
            <AltitudeMeters>46.20000076293945</AltitudeMeters>
            <DistanceMeters>1383.93994140625</DistanceMeters>
            <HeartRateBpm>
              <Value>112</Value>
            </HeartRateBpm>
            <Extensions>
              <ns3:TPX>
                <ns3:Speed>1.4179999828338623</ns3:Speed>
              </ns3:TPX>
            </Extensions>
          </Trackpoint>
          <Trackpoint>
            <Time>2026-08-25T06:50:39.000Z</Time>
            <Position>
              <LatitudeDegrees>42.16717690229416</LatitudeDegrees>
              <LongitudeDegrees>-8.62019824795425</LongitudeDegrees>
            </Position>
            <AltitudeMeters>46.20000076293945</AltitudeMeters>
            <DistanceMeters>1384.5400390625</DistanceMeters>
            <HeartRateBpm>
              <Value>113</Value>
            </HeartRateBpm>
            <Extensions>
              <ns3:TPX>
                <ns3:Speed>1.409000039100647</ns3:Speed>
              </ns3:TPX>
            </Extensions>
          </Trackpoint>
          <Trackpoint>
            <Time>2026-08-25T06:50:48.000Z</Time>
            <Position>
              <LatitudeDegrees>42.16727178543806</LatitudeDegrees>
              <LongitudeDegrees>-8.620174191892147</LongitudeDegrees>
            </Position>
            <AltitudeMeters>47.0</AltitudeMeters>
            <DistanceMeters>1394.9200439453125</DistanceMeters>
            <HeartRateBpm>
              <Value>111</Value>
            </HeartRateBpm>
            <Extensions>
              <ns3:TPX>
                <ns3:Speed>1.3339999914169312</ns3:Speed>
              </ns3:TPX>
            </Extensions>
          </Trackpoint>
          <Trackpoint>
            <Time>2026-08-25T06:50:50.000Z</Time>
            <Position>
              <LatitudeDegrees>42.16729483567178</LatitudeDegrees>
              <LongitudeDegrees>-8.62017092294991</LongitudeDegrees>
            </Position>
            <AltitudeMeters>47.400001525878906</AltitudeMeters>
            <DistanceMeters>1396.9300537109375</DistanceMeters>
            <HeartRateBpm>
              <Value>110</Value>
            </HeartRateBpm>
            <Extensions>
              <ns3:TPX>
                <ns3:Speed>1.3250000476837158</ns3:Speed>
              </ns3:TPX>
            </Extensions>
          </Trackpoint>
          <Trackpoint>
            <Time>2026-08-25T06:50:57.000Z</Time>
            <Position>
              <LatitudeDegrees>42.167407320812345</LatitudeDegrees>
              <LongitudeDegrees>-8.620142089203</LongitudeDegrees>
            </Position>
            <AltitudeMeters>46.79999923706055</AltitudeMeters>
            <DistanceMeters>1409.68994140625</DistanceMeters>
            <HeartRateBpm>
              <Value>108</Value>
            </HeartRateBpm>
            <Extensions>
              <ns3:TPX>
                <ns3:Speed>1.343999981880188</ns3:Speed>
              </ns3:TPX>
            </Extensions>
          </Trackpoint>
          <Trackpoint>
            <Time>2026-08-25T06:51:02.000Z</Time>
            <Position>
              <LatitudeDegrees>42.16746808961034</LatitudeDegrees>
              <LongitudeDegrees>-8.62011183053255</LongitudeDegrees>
            </Position>
            <AltitudeMeters>46.79999923706055</AltitudeMeters>
            <DistanceMeters>1416.93994140625</DistanceMeters>
            <HeartRateBpm>
              <Value>111</Value>
            </HeartRateBpm>
            <Extensions>
              <ns3:TPX>
                <ns3:Speed>1.399999976158142</ns3:Speed>
              </ns3:TPX>
            </Extensions>
          </Trackpoint>
          <Trackpoint>
            <Time>2026-08-25T06:51:04.000Z</Time>
            <Position>
              <LatitudeDegrees>42.16749834828079</LatitudeDegrees>
              <LongitudeDegrees>-8.620100850239396</LongitudeDegrees>
            </Position>
            <AltitudeMeters>46.599998474121094</AltitudeMeters>
            <DistanceMeters>1420.47998046875</DistanceMeters>
            <HeartRateBpm>
              <Value>112</Value>
            </HeartRateBpm>
            <Extensions>
              <ns3:TPX>
                <ns3:Speed>1.399999976158142</ns3:Speed>
              </ns3:TPX>
            </Extensions>
          </Trackpoint>
          <Trackpoint>
            <Time>2026-08-25T06:51:11.000Z</Time>
            <Position>
              <LatitudeDegrees>42.167564732953906</LatitudeDegrees>
              <LongitudeDegrees>-8.620071094483137</LongitudeDegrees>
            </Position>
            <AltitudeMeters>46.79999923706055</AltitudeMeters>
            <DistanceMeters>1429.4200439453125</DistanceMeters>
            <HeartRateBpm>
              <Value>110</Value>
            </HeartRateBpm>
            <Extensions>
              <ns3:TPX>
                <ns3:Speed>1.4179999828338623</ns3:Speed>
              </ns3:TPX>
            </Extensions>
          </Trackpoint>
          <Trackpoint>
            <Time>2026-08-25T06:51:17.000Z</Time>
            <Position>
              <LatitudeDegrees>42.167580323293805</LatitudeDegrees>
              <LongitudeDegrees>-8.620049469172955</LongitudeDegrees>
            </Position>
            <AltitudeMeters>47.0</AltitudeMeters>
            <DistanceMeters>1431.3900146484375</DistanceMeters>
            <HeartRateBpm>
              <Value>110</Value>
            </HeartRateBpm>
            <Extensions>
              <ns3:TPX>
                <ns3:Speed>1.315999984741211</ns3:Speed>
              </ns3:TPX>
            </Extensions>
          </Trackpoint>
          <Trackpoint>
            <Time>2026-08-25T06:51:25.000Z</Time>
            <Position>
              <LatitudeDegrees>42.16757747344673</LatitudeDegrees>
              <LongitudeDegrees>-8.620060868561268</LongitudeDegrees>
            </Position>
            <AltitudeMeters>46.79999923706055</AltitudeMeters>
            <DistanceMeters>1432.030029296875</DistanceMeters>
            <HeartRateBpm>
              <Value>109</Value>
            </HeartRateBpm>
            <Extensions>
              <ns3:TPX>
                <ns3:Speed>0.0</ns3:Speed>
              </ns3:TPX>
            </Extensions>
          </Trackpoint>
          <Trackpoint>
            <Time>2026-08-25T06:51:27.000Z</Time>
            <Position>
              <LatitudeDegrees>42.167578898370266</LatitudeDegrees>
              <LongitudeDegrees>-8.620069585740566</LongitudeDegrees>
            </Position>
            <AltitudeMeters>46.599998474121094</AltitudeMeters>
            <DistanceMeters>1432.030029296875</DistanceMeters>
            <HeartRateBpm>
              <Value>105</Value>
            </HeartRateBpm>
            <Extensions>
              <ns3:TPX>
                <ns3:Speed>0.0</ns3:Speed>
              </ns3:TPX>
            </Extensions>
          </Trackpoint>
          <Trackpoint>
            <Time>2026-08-25T06:51:34.000Z</Time>
            <Position>
              <LatitudeDegrees>42.167584262788296</LatitudeDegrees>
              <LongitudeDegrees>-8.620081404224038</LongitudeDegrees>
            </Position>
            <AltitudeMeters>46.599998474121094</AltitudeMeters>
            <DistanceMeters>1433.5</DistanceMeters>
            <HeartRateBpm>
              <Value>107</Value>
            </HeartRateBpm>
            <Extensions>
              <ns3:TPX>
                <ns3:Speed>0.0</ns3:Speed>
              </ns3:TPX>
            </Extensions>
          </Trackpoint>
          <Trackpoint>
            <Time>2026-08-25T06:51:36.000Z</Time>
            <Position>
              <LatitudeDegrees>42.16760052368045</LatitudeDegrees>
              <LongitudeDegrees>-8.620075201615691</LongitudeDegrees>
            </Position>
            <AltitudeMeters>46.79999923706055</AltitudeMeters>
            <DistanceMeters>1434.9599609375</DistanceMeters>
            <HeartRateBpm>
              <Value>110</Value>
            </HeartRateBpm>
            <Extensions>
              <ns3:TPX>
                <ns3:Speed>0.0</ns3:Speed>
              </ns3:TPX>
            </Extensions>
          </Trackpoint>
          <Trackpoint>
            <Time>2026-08-25T06:51:43.000Z</Time>
            <Position>
              <LatitudeDegrees>42.16769984923303</LatitudeDegrees>
              <LongitudeDegrees>-8.620039410889149</LongitudeDegrees>
            </Position>
            <AltitudeMeters>46.79999923706055</AltitudeMeters>
            <DistanceMeters>1446.77001953125</DistanceMeters>
            <HeartRateBpm>
              <Value>110</Value>
            </HeartRateBpm>
            <Extensions>
              <ns3:TPX>
                <ns3:Speed>1.7079999446868896</ns3:Speed>
              </ns3:TPX>
            </Extensions>
          </Trackpoint>
          <Trackpoint>
            <Time>2026-08-25T06:51:53.000Z</Time>
            <Position>
              <LatitudeDegrees>42.16780428774655</LatitudeDegrees>
              <LongitudeDegrees>-8.620012253522873</LongitudeDegrees>
            </Position>
            <AltitudeMeters>47.0</AltitudeMeters>
            <DistanceMeters>1458.6500244140625</DistanceMeters>
            <HeartRateBpm>
              <Value>110</Value>
            </HeartRateBpm>
            <Extensions>
              <ns3:TPX>
                <ns3:Speed>1.2879999876022339</ns3:Speed>
              </ns3:TPX>
            </Extensions>
          </Trackpoint>
          <Trackpoint>
            <Time>2026-08-25T06:52:01.000Z</Time>
            <Position>
              <LatitudeDegrees>42.167911576107144</LatitudeDegrees>
              <LongitudeDegrees>-8.61997738480568</LongitudeDegrees>
            </Position>
            <AltitudeMeters>47.20000076293945</AltitudeMeters>
            <DistanceMeters>1471.1099853515625</DistanceMeters>
            <HeartRateBpm>
              <Value>109</Value>
            </HeartRateBpm>
            <Extensions>
              <ns3:TPX>
                <ns3:Speed>1.3250000476837158</ns3:Speed>
              </ns3:TPX>
            </Extensions>
          </Trackpoint>
          <Trackpoint>
            <Time>2026-08-25T06:52:02.000Z</Time>
            <Position>
              <LatitudeDegrees>42.16792222112417</LatitudeDegrees>
              <LongitudeDegrees>-8.619967326521873</LongitudeDegrees>
            </Position>
            <AltitudeMeters>47.20000076293945</AltitudeMeters>
            <DistanceMeters>1472.530029296875</DistanceMeters>
            <HeartRateBpm>
              <Value>105</Value>
            </HeartRateBpm>
            <Extensions>
              <ns3:TPX>
                <ns3:Speed>1.343999981880188</ns3:Speed>
              </ns3:TPX>
            </Extensions>
          </Trackpoint>
          <Trackpoint>
            <Time>2026-08-25T06:52:09.000Z</Time>
            <Position>
              <LatitudeDegrees>42.16800092719495</LatitudeDegrees>
              <LongitudeDegrees>-8.619922734797</LongitudeDegrees>
            </Position>
            <AltitudeMeters>47.20000076293945</AltitudeMeters>
            <DistanceMeters>1481.25</DistanceMeters>
            <HeartRateBpm>
              <Value>104</Value>
            </HeartRateBpm>
            <Extensions>
              <ns3:TPX>
                <ns3:Speed>1.3619999885559082</ns3:Speed>
              </ns3:TPX>
            </Extensions>
          </Trackpoint>
          <Trackpoint>
            <Time>2026-08-25T06:52:16.000Z</Time>
            <Position>
              <LatitudeDegrees>42.16808332130313</LatitudeDegrees>
              <LongitudeDegrees>-8.619877304881811</LongitudeDegrees>
            </Position>
            <AltitudeMeters>47.79999923706055</AltitudeMeters>
            <DistanceMeters>1492.3800048828125</DistanceMeters>
            <HeartRateBpm>
              <Value>105</Value>
            </HeartRateBpm>
            <Extensions>
              <ns3:TPX>
                <ns3:Speed>1.409000039100647</ns3:Speed>
              </ns3:TPX>
            </Extensions>
          </Trackpoint>
          <Trackpoint>
            <Time>2026-08-25T06:52:24.000Z</Time>
            <Position>
              <LatitudeDegrees>42.16816060245037</LatitudeDegrees>
              <LongitudeDegrees>-8.619822822511196</LongitudeDegrees>
            </Position>
            <AltitudeMeters>48.20000076293945</AltitudeMeters>
            <DistanceMeters>1501.1500244140625</DistanceMeters>
            <HeartRateBpm>
              <Value>106</Value>
            </HeartRateBpm>
            <Extensions>
              <ns3:TPX>
                <ns3:Speed>1.371999979019165</ns3:Speed>
              </ns3:TPX>
            </Extensions>
          </Trackpoint>
          <Trackpoint>
            <Time>2026-08-25T06:52:27.000Z</Time>
            <Position>
              <LatitudeDegrees>42.168192537501454</LatitudeDegrees>
              <LongitudeDegrees>-8.61980446614325</LongitudeDegrees>
            </Position>
            <AltitudeMeters>48.400001525878906</AltitudeMeters>
            <DistanceMeters>1504.6300048828125</DistanceMeters>
            <HeartRateBpm>
              <Value>106</Value>
            </HeartRateBpm>
            <Extensions>
              <ns3:TPX>
                <ns3:Speed>1.3619999885559082</ns3:Speed>
              </ns3:TPX>
            </Extensions>
          </Trackpoint>
          <Trackpoint>
            <Time>2026-08-25T06:52:31.000Z</Time>
            <Position>
              <LatitudeDegrees>42.168231178075075</LatitudeDegrees>
              <LongitudeDegrees>-8.619793234393</LongitudeDegrees>
            </Position>
            <AltitudeMeters>49.0</AltitudeMeters>
            <DistanceMeters>1508.9100341796875</DistanceMeters>
            <HeartRateBpm>
              <Value>109</Value>
            </HeartRateBpm>
            <Extensions>
              <ns3:TPX>
                <ns3:Speed>1.3339999914169312</ns3:Speed>
              </ns3:TPX>
            </Extensions>
          </Trackpoint>
          <Trackpoint>
            <Time>2026-08-25T06:52:35.000Z</Time>
            <Position>
              <LatitudeDegrees>42.16828322969377</LatitudeDegrees>
              <LongitudeDegrees>-8.619773117825389</LongitudeDegrees>
            </Position>
            <AltitudeMeters>49.400001525878906</AltitudeMeters>
            <DistanceMeters>1515.22998046875</DistanceMeters>
            <HeartRateBpm>
              <Value>113</Value>
            </HeartRateBpm>
            <Extensions>
              <ns3:TPX>
                <ns3:Speed>1.3250000476837158</ns3:Speed>
              </ns3:TPX>
            </Extensions>
          </Trackpoint>
          <Trackpoint>
            <Time>2026-08-25T06:52:36.000Z</Time>
            <Position>
              <LatitudeDegrees>42.16829739511013</LatitudeDegrees>
              <LongitudeDegrees>-8.619763143360615</LongitudeDegrees>
            </Position>
            <AltitudeMeters>49.599998474121094</AltitudeMeters>
            <DistanceMeters>1516.7900390625</DistanceMeters>
            <HeartRateBpm>
              <Value>114</Value>
            </HeartRateBpm>
            <Extensions>
              <ns3:TPX>
                <ns3:Speed>1.3339999914169312</ns3:Speed>
              </ns3:TPX>
            </Extensions>
          </Trackpoint>
          <Trackpoint>
            <Time>2026-08-25T06:52:41.000Z</Time>
            <Position>
              <LatitudeDegrees>42.168353386223316</LatitudeDegrees>
              <LongitudeDegrees>-8.619715617969632</LongitudeDegrees>
            </Position>
            <AltitudeMeters>50.20000076293945</AltitudeMeters>
            <DistanceMeters>1524.6800537109375</DistanceMeters>
            <HeartRateBpm>
              <Value>117</Value>
            </HeartRateBpm>
            <Extensions>
              <ns3:TPX>
                <ns3:Speed>1.3530000448226929</ns3:Speed>
              </ns3:TPX>
            </Extensions>
          </Trackpoint>
          <Trackpoint>
            <Time>2026-08-25T06:52:43.000Z</Time>
            <Position>
              <LatitudeDegrees>42.16836587525904</LatitudeDegrees>
              <LongitudeDegrees>-8.61970229074359</LongitudeDegrees>
            </Position>
            <AltitudeMeters>50.599998474121094</AltitudeMeters>
            <DistanceMeters>1526.989990234375</DistanceMeters>
            <HeartRateBpm>
              <Value>117</Value>
            </HeartRateBpm>
            <Extensions>
              <ns3:TPX>
                <ns3:Speed>1.3619999885559082</ns3:Speed>
              </ns3:TPX>
            </Extensions>
          </Trackpoint>
          <Trackpoint>
            <Time>2026-08-25T06:52:44.000Z</Time>
            <Position>
              <LatitudeDegrees>42.16836042702198</LatitudeDegrees>
              <LongitudeDegrees>-8.61970765516162</LongitudeDegrees>
            </Position>
            <AltitudeMeters>50.79999923706055</AltitudeMeters>
            <DistanceMeters>1526.989990234375</DistanceMeters>
            <HeartRateBpm>
              <Value>117</Value>
            </HeartRateBpm>
            <Extensions>
              <ns3:TPX>
                <ns3:Speed>1.3619999885559082</ns3:Speed>
              </ns3:TPX>
            </Extensions>
          </Trackpoint>
          <Trackpoint>
            <Time>2026-08-25T06:52:45.000Z</Time>
            <Position>
              <LatitudeDegrees>42.16835388913751</LatitudeDegrees>
              <LongitudeDegrees>-8.619714612141252</LongitudeDegrees>
            </Position>
            <AltitudeMeters>51.0</AltitudeMeters>
            <DistanceMeters>1526.989990234375</DistanceMeters>
            <HeartRateBpm>
              <Value>117</Value>
            </HeartRateBpm>
            <Extensions>
              <ns3:TPX>
                <ns3:Speed>1.3619999885559082</ns3:Speed>
              </ns3:TPX>
            </Extensions>
          </Trackpoint>
          <Trackpoint>
            <Time>2026-08-25T06:52:48.000Z</Time>
            <Position>
              <LatitudeDegrees>42.168348943814635</LatitudeDegrees>
              <LongitudeDegrees>-8.619710840284824</LongitudeDegrees>
            </Position>
            <AltitudeMeters>51.20000076293945</AltitudeMeters>
            <DistanceMeters>1528.3699951171875</DistanceMeters>
            <HeartRateBpm>
              <Value>119</Value>
            </HeartRateBpm>
            <Extensions>
              <ns3:TPX>
                <ns3:Speed>1.305999994277954</ns3:Speed>
              </ns3:TPX>
            </Extensions>
          </Trackpoint>
          <Trackpoint>
            <Time>2026-08-25T06:52:51.000Z</Time>
            <Position>
              <LatitudeDegrees>42.16835011728108</LatitudeDegrees>
              <LongitudeDegrees>-8.61969935707748</LongitudeDegrees>
            </Position>
            <AltitudeMeters>51.0</AltitudeMeters>
            <DistanceMeters>1529.0799560546875</DistanceMeters>
            <HeartRateBpm>
              <Value>120</Value>
            </HeartRateBpm>
            <Extensions>
              <ns3:TPX>
                <ns3:Speed>1.2130000591278076</ns3:Speed>
              </ns3:TPX>
            </Extensions>
          </Trackpoint>
          <Trackpoint>
            <Time>2026-08-25T06:52:56.000Z</Time>
            <Position>
              <LatitudeDegrees>42.168364534154534</LatitudeDegrees>
              <LongitudeDegrees>-8.61967546865344</LongitudeDegrees>
            </Position>
            <AltitudeMeters>50.79999923706055</AltitudeMeters>
            <DistanceMeters>1531.6500244140625</DistanceMeters>
            <HeartRateBpm>
              <Value>125</Value>
            </HeartRateBpm>
            <Extensions>
              <ns3:TPX>
                <ns3:Speed>0.0</ns3:Speed>
              </ns3:TPX>
            </Extensions>
          </Trackpoint>
          <Trackpoint>
            <Time>2026-08-25T06:52:58.000Z</Time>
            <Position>
              <LatitudeDegrees>42.16837115585804</LatitudeDegrees>
              <LongitudeDegrees>-8.619667505845428</LongitudeDegrees>
            </Position>
            <AltitudeMeters>51.0</AltitudeMeters>
            <DistanceMeters>1532.8199462890625</DistanceMeters>
            <HeartRateBpm>
              <Value>132</Value>
            </HeartRateBpm>
            <Extensions>
              <ns3:TPX>
                <ns3:Speed>0.0</ns3:Speed>
              </ns3:TPX>
            </Extensions>
          </Trackpoint>
          <Trackpoint>
            <Time>2026-08-25T06:52:59.000Z</Time>
            <Position>
              <LatitudeDegrees>42.16837015002966</LatitudeDegrees>
              <LongitudeDegrees>-8.619667924940586</LongitudeDegrees>
            </Position>
            <AltitudeMeters>51.20000076293945</AltitudeMeters>
            <DistanceMeters>1533.1099853515625</DistanceMeters>
            <HeartRateBpm>
              <Value>135</Value>
            </HeartRateBpm>
            <Extensions>
              <ns3:TPX>
                <ns3:Speed>0.0</ns3:Speed>
              </ns3:TPX>
            </Extensions>
          </Trackpoint>
          <Trackpoint>
            <Time>2026-08-25T06:53:03.000Z</Time>
            <Position>
              <LatitudeDegrees>42.16837274841964</LatitudeDegrees>
              <LongitudeDegrees>-8.619698351249099</LongitudeDegrees>
            </Position>
            <AltitudeMeters>51.400001525878906</AltitudeMeters>
            <DistanceMeters>1535.18994140625</DistanceMeters>
            <HeartRateBpm>
              <Value>134</Value>
            </HeartRateBpm>
            <Extensions>
              <ns3:TPX>
                <ns3:Speed>0.0</ns3:Speed>
              </ns3:TPX>
            </Extensions>
          </Trackpoint>
          <Trackpoint>
            <Time>2026-08-25T06:53:05.000Z</Time>
            <Position>
              <LatitudeDegrees>42.168369982391596</LatitudeDegrees>
              <LongitudeDegrees>-8.6197120975703</LongitudeDegrees>
            </Position>
            <AltitudeMeters>51.20000076293945</AltitudeMeters>
            <DistanceMeters>1536.3499755859375</DistanceMeters>
            <HeartRateBpm>
              <Value>124</Value>
            </HeartRateBpm>
            <Extensions>
              <ns3:TPX>
                <ns3:Speed>0.0</ns3:Speed>
              </ns3:TPX>
            </Extensions>
          </Trackpoint>
          <Trackpoint>
            <Time>2026-08-25T06:53:10.000Z</Time>
            <Position>
              <LatitudeDegrees>42.16835657134652</LatitudeDegrees>
              <LongitudeDegrees>-8.619698770344257</LongitudeDegrees>
            </Position>
            <AltitudeMeters>51.0</AltitudeMeters>
            <DistanceMeters>1538.1400146484375</DistanceMeters>
            <HeartRateBpm>
              <Value>125</Value>
            </HeartRateBpm>
            <Extensions>
              <ns3:TPX>
                <ns3:Speed>0.0</ns3:Speed>
              </ns3:TPX>
            </Extensions>
          </Trackpoint>
          <Trackpoint>
            <Time>2026-08-25T06:53:17.000Z</Time>
            <Position>
              <LatitudeDegrees>42.16836662963033</LatitudeDegrees>
              <LongitudeDegrees>-8.619606485590339</LongitudeDegrees>
            </Position>
            <AltitudeMeters>51.599998474121094</AltitudeMeters>
            <DistanceMeters>1546.1400146484375</DistanceMeters>
            <HeartRateBpm>
              <Value>122</Value>
            </HeartRateBpm>
            <Extensions>
              <ns3:TPX>
                <ns3:Speed>0.0</ns3:Speed>
              </ns3:TPX>
            </Extensions>
          </Trackpoint>
          <Trackpoint>
            <Time>2026-08-25T06:53:18.000Z</Time>
            <Position>
              <LatitudeDegrees>42.16836621053517</LatitudeDegrees>
              <LongitudeDegrees>-8.619605731219053</LongitudeDegrees>
            </Position>
            <AltitudeMeters>51.79999923706055</AltitudeMeters>
            <DistanceMeters>1546.260009765625</DistanceMeters>
            <HeartRateBpm>
              <Value>122</Value>
            </HeartRateBpm>
            <Extensions>
              <ns3:TPX>
                <ns3:Speed>0.24300000071525574</ns3:Speed>
              </ns3:TPX>
            </Extensions>
          </Trackpoint>
          <Trackpoint>
            <Time>2026-08-25T06:53:19.000Z</Time>
            <Position>
              <LatitudeDegrees>42.16836612671614</LatitudeDegrees>
              <LongitudeDegrees>-8.619605647400022</LongitudeDegrees>
            </Position>
            <AltitudeMeters>51.79999923706055</AltitudeMeters>
            <DistanceMeters>1546.4100341796875</DistanceMeters>
            <HeartRateBpm>
              <Value>121</Value>
            </HeartRateBpm>
            <Extensions>
              <ns3:TPX>
                <ns3:Speed>0.4950000047683716</ns3:Speed>
              </ns3:TPX>
            </Extensions>
          </Trackpoint>
          <Trackpoint>
            <Time>2026-08-25T06:53:23.000Z</Time>
            <Position>
              <LatitudeDegrees>42.16835405677557</LatitudeDegrees>
              <LongitudeDegrees>-8.61964177340269</LongitudeDegrees>
            </Position>
            <AltitudeMeters>51.400001525878906</AltitudeMeters>
            <DistanceMeters>1550.1199951171875</DistanceMeters>
            <HeartRateBpm>
              <Value>118</Value>
            </HeartRateBpm>
            <Extensions>
              <ns3:TPX>
                <ns3:Speed>0.0</ns3:Speed>
              </ns3:TPX>
            </Extensions>
          </Trackpoint>
          <Trackpoint>
            <Time>2026-08-25T06:53:24.000Z</Time>
            <Position>
              <LatitudeDegrees>42.16835313476622</LatitudeDegrees>
              <LongitudeDegrees>-8.6196378339082</LongitudeDegrees>
            </Position>
            <AltitudeMeters>51.400001525878906</AltitudeMeters>
            <DistanceMeters>1550.1400146484375</DistanceMeters>
            <HeartRateBpm>
              <Value>115</Value>
            </HeartRateBpm>
            <Extensions>
              <ns3:TPX>
                <ns3:Speed>0.0</ns3:Speed>
              </ns3:TPX>
            </Extensions>
          </Trackpoint>
          <Trackpoint>
            <Time>2026-08-25T06:53:30.000Z</Time>
            <Position>
              <LatitudeDegrees>42.16836495324969</LatitudeDegrees>
              <LongitudeDegrees>-8.619624841958284</LongitudeDegrees>
            </Position>
            <AltitudeMeters>51.20000076293945</AltitudeMeters>
            <DistanceMeters>1550.1400146484375</DistanceMeters>
            <HeartRateBpm>
              <Value>118</Value>
            </HeartRateBpm>
            <Extensions>
              <ns3:TPX>
                <ns3:Speed>0.0</ns3:Speed>
              </ns3:TPX>
            </Extensions>
          </Trackpoint>
          <Trackpoint>
            <Time>2026-08-25T06:53:35.000Z</Time>
            <Position>
              <LatitudeDegrees>42.168372413143516</LatitudeDegrees>
              <LongitudeDegrees>-8.619618890807033</LongitudeDegrees>
            </Position>
            <AltitudeMeters>51.599998474121094</AltitudeMeters>
            <DistanceMeters>1551.6099853515625</DistanceMeters>
            <HeartRateBpm>
              <Value>117</Value>
            </HeartRateBpm>
            <Extensions>
              <ns3:TPX>
                <ns3:Speed>0.0</ns3:Speed>
              </ns3:TPX>
            </Extensions>
          </Trackpoint>
          <Trackpoint>
            <Time>2026-08-25T06:53:42.000Z</Time>
            <Position>
              <LatitudeDegrees>42.16833947226405</LatitudeDegrees>
              <LongitudeDegrees>-8.619632637128234</LongitudeDegrees>
            </Position>
            <AltitudeMeters>51.20000076293945</AltitudeMeters>
            <DistanceMeters>1555.1400146484375</DistanceMeters>
            <HeartRateBpm>
              <Value>119</Value>
            </HeartRateBpm>
            <Extensions>
              <ns3:TPX>
                <ns3:Speed>0.0</ns3:Speed>
              </ns3:TPX>
            </Extensions>
          </Trackpoint>
          <Trackpoint>
            <Time>2026-08-25T06:53:48.000Z</Time>
            <Position>
              <LatitudeDegrees>42.16835388913751</LatitudeDegrees>
              <LongitudeDegrees>-8.619581088423729</LongitudeDegrees>
            </Position>
            <AltitudeMeters>51.79999923706055</AltitudeMeters>
            <DistanceMeters>1559.969970703125</DistanceMeters>
            <HeartRateBpm>
              <Value>116</Value>
            </HeartRateBpm>
            <Extensions>
              <ns3:TPX>
                <ns3:Speed>0.0</ns3:Speed>
              </ns3:TPX>
            </Extensions>
          </Trackpoint>
          <Trackpoint>
            <Time>2026-08-25T06:53:49.000Z</Time>
            <Position>
              <LatitudeDegrees>42.1683507040143</LatitudeDegrees>
              <LongitudeDegrees>-8.619571952149272</LongitudeDegrees>
            </Position>
            <AltitudeMeters>52.0</AltitudeMeters>
            <DistanceMeters>1560.8599853515625</DistanceMeters>
            <HeartRateBpm>
              <Value>116</Value>
            </HeartRateBpm>
            <Extensions>
              <ns3:TPX>
                <ns3:Speed>0.0</ns3:Speed>
              </ns3:TPX>
            </Extensions>
          </Trackpoint>
          <Trackpoint>
            <Time>2026-08-25T06:53:52.000Z</Time>
            <Position>
              <LatitudeDegrees>42.16834533959627</LatitudeDegrees>
              <LongitudeDegrees>-8.619550159201026</LongitudeDegrees>
            </Position>
            <AltitudeMeters>52.79999923706055</AltitudeMeters>
            <DistanceMeters>1562.56005859375</DistanceMeters>
            <HeartRateBpm>
              <Value>115</Value>
            </HeartRateBpm>
            <Extensions>
              <ns3:TPX>
                <ns3:Speed>0.0</ns3:Speed>
              </ns3:TPX>
            </Extensions>
          </Trackpoint>
          <Trackpoint>
            <Time>2026-08-25T06:53:57.000Z</Time>
            <Position>
              <LatitudeDegrees>42.16833653859794</LatitudeDegrees>
              <LongitudeDegrees>-8.619506657123566</LongitudeDegrees>
            </Position>
            <AltitudeMeters>54.0</AltitudeMeters>
            <DistanceMeters>1566.93994140625</DistanceMeters>
            <HeartRateBpm>
              <Value>116</Value>
            </HeartRateBpm>
            <Extensions>
              <ns3:TPX>
                <ns3:Speed>0.0</ns3:Speed>
              </ns3:TPX>
            </Extensions>
          </Trackpoint>
          <Trackpoint>
            <Time>2026-08-25T06:54:00.000Z</Time>
            <Position>
              <LatitudeDegrees>42.168330838903785</LatitudeDegrees>
              <LongitudeDegrees>-8.619494503363967</LongitudeDegrees>
            </Position>
            <AltitudeMeters>54.79999923706055</AltitudeMeters>
            <DistanceMeters>1567.739990234375</DistanceMeters>
            <HeartRateBpm>
              <Value>119</Value>
            </HeartRateBpm>
            <Extensions>
              <ns3:TPX>
                <ns3:Speed>0.4569999873638153</ns3:Speed>
              </ns3:TPX>
            </Extensions>
          </Trackpoint>
          <Trackpoint>
            <Time>2026-08-25T06:54:02.000Z</Time>
            <Position>
              <LatitudeDegrees>42.16832706704736</LatitudeDegrees>
              <LongitudeDegrees>-8.619475057348609</LongitudeDegrees>
            </Position>
            <AltitudeMeters>55.20000076293945</AltitudeMeters>
            <DistanceMeters>1568.8699951171875</DistanceMeters>
            <HeartRateBpm>
              <Value>121</Value>
            </HeartRateBpm>
            <Extensions>
              <ns3:TPX>
                <ns3:Speed>0.5789999961853027</ns3:Speed>
              </ns3:TPX>
            </Extensions>
          </Trackpoint>
          <Trackpoint>
            <Time>2026-08-25T06:54:04.000Z</Time>
            <Position>
              <LatitudeDegrees>42.16832614503801</LatitudeDegrees>
              <LongitudeDegrees>-8.619454521685839</LongitudeDegrees>
            </Position>
            <AltitudeMeters>55.79999923706055</AltitudeMeters>
            <DistanceMeters>1570.6700439453125</DistanceMeters>
            <HeartRateBpm>
              <Value>125</Value>
            </HeartRateBpm>
            <Extensions>
              <ns3:TPX>
                <ns3:Speed>0.6899999976158142</ns3:Speed>
              </ns3:TPX>
            </Extensions>
          </Trackpoint>
          <Trackpoint>
            <Time>2026-08-25T06:54:07.000Z</Time>
            <Position>
              <LatitudeDegrees>42.16834332793951</LatitudeDegrees>
              <LongitudeDegrees>-8.619416216388345</LongitudeDegrees>
            </Position>
            <AltitudeMeters>56.400001525878906</AltitudeMeters>
            <DistanceMeters>1574.4300537109375</DistanceMeters>
            <HeartRateBpm>
              <Value>128</Value>
            </HeartRateBpm>
            <Extensions>
              <ns3:TPX>
                <ns3:Speed>0.0</ns3:Speed>
              </ns3:TPX>
            </Extensions>
          </Trackpoint>
          <Trackpoint>
            <Time>2026-08-25T06:54:09.000Z</Time>
            <Position>
              <LatitudeDegrees>42.16836495324969</LatitudeDegrees>
              <LongitudeDegrees>-8.619424933567643</LongitudeDegrees>
            </Position>
            <AltitudeMeters>56.400001525878906</AltitudeMeters>
            <DistanceMeters>1577.02001953125</DistanceMeters>
            <HeartRateBpm>
              <Value>131</Value>
            </HeartRateBpm>
            <Extensions>
              <ns3:TPX>
                <ns3:Speed>0.0</ns3:Speed>
              </ns3:TPX>
            </Extensions>
          </Trackpoint>
          <Trackpoint>
            <Time>2026-08-25T06:54:18.000Z</Time>
            <Position>
              <LatitudeDegrees>42.16846545226872</LatitudeDegrees>
              <LongitudeDegrees>-8.619386963546276</LongitudeDegrees>
            </Position>
            <AltitudeMeters>55.599998474121094</AltitudeMeters>
            <DistanceMeters>1588.4599609375</DistanceMeters>
            <HeartRateBpm>
              <Value>131</Value>
            </HeartRateBpm>
            <Extensions>
              <ns3:TPX>
                <ns3:Speed>1.277999997138977</ns3:Speed>
              </ns3:TPX>
            </Extensions>
          </Trackpoint>
          <Trackpoint>
            <Time>2026-08-25T06:54:23.000Z</Time>
            <Position>
              <LatitudeDegrees>42.16853275895119</LatitudeDegrees>
              <LongitudeDegrees>-8.619368690997362</LongitudeDegrees>
            </Position>
            <AltitudeMeters>55.400001525878906</AltitudeMeters>
            <DistanceMeters>1595.8699951171875</DistanceMeters>
            <HeartRateBpm>
              <Value>131</Value>
            </HeartRateBpm>
            <Extensions>
              <ns3:TPX>
                <ns3:Speed>1.5019999742507935</ns3:Speed>
              </ns3:TPX>
            </Extensions>
          </Trackpoint>
          <Trackpoint>
            <Time>2026-08-25T06:54:26.000Z</Time>
            <Position>
              <LatitudeDegrees>42.16854885220528</LatitudeDegrees>
              <LongitudeDegrees>-8.619382856413722</LongitudeDegrees>
            </Position>
            <AltitudeMeters>55.599998474121094</AltitudeMeters>
            <DistanceMeters>1598.5699462890625</DistanceMeters>
            <HeartRateBpm>
              <Value>131</Value>
            </HeartRateBpm>
            <Extensions>
              <ns3:TPX>
                <ns3:Speed>1.4739999771118164</ns3:Speed>
              </ns3:TPX>
            </Extensions>
          </Trackpoint>
          <Trackpoint>
            <Time>2026-08-25T06:54:30.000Z</Time>
            <Position>
              <LatitudeDegrees>42.16853292658925</LatitudeDegrees>
              <LongitudeDegrees>-8.619395177811384</LongitudeDegrees>
            </Position>
            <AltitudeMeters>55.79999923706055</AltitudeMeters>
            <DistanceMeters>1598.8699951171875</DistanceMeters>
            <HeartRateBpm>
              <Value>127</Value>
            </HeartRateBpm>
            <Extensions>
              <ns3:TPX>
                <ns3:Speed>1.25</ns3:Speed>
              </ns3:TPX>
            </Extensions>
          </Trackpoint>
          <Trackpoint>
            <Time>2026-08-25T06:54:31.000Z</Time>
            <Position>
              <LatitudeDegrees>42.16853275895119</LatitudeDegrees>
              <LongitudeDegrees>-8.619395261630416</LongitudeDegrees>
            </Position>
            <AltitudeMeters>55.79999923706055</AltitudeMeters>
            <DistanceMeters>1598.8699951171875</DistanceMeters>
            <HeartRateBpm>
              <Value>126</Value>
            </HeartRateBpm>
            <Extensions>
              <ns3:TPX>
                <ns3:Speed>1.25</ns3:Speed>
              </ns3:TPX>
            </Extensions>
          </Trackpoint>
          <Trackpoint>
            <Time>2026-08-25T06:54:34.000Z</Time>
            <Position>
              <LatitudeDegrees>42.168496465310454</LatitudeDegrees>
              <LongitudeDegrees>-8.619414204731584</LongitudeDegrees>
            </Position>
            <AltitudeMeters>55.79999923706055</AltitudeMeters>
            <DistanceMeters>1603.7900390625</DistanceMeters>
            <HeartRateBpm>
              <Value>125</Value>
            </HeartRateBpm>
            <Extensions>
              <ns3:TPX>
                <ns3:Speed>1.305999994277954</ns3:Speed>
              </ns3:TPX>
            </Extensions>
          </Trackpoint>
          <Trackpoint>
            <Time>2026-08-25T06:54:39.000Z</Time>
            <Position>
              <LatitudeDegrees>42.168452041223645</LatitudeDegrees>
              <LongitudeDegrees>-8.619426190853119</LongitudeDegrees>
            </Position>
            <AltitudeMeters>56.0</AltitudeMeters>
            <DistanceMeters>1609.0400390625</DistanceMeters>
            <HeartRateBpm>
              <Value>122</Value>
            </HeartRateBpm>
            <Extensions>
              <ns3:TPX>
                <ns3:Speed>1.1200000047683716</ns3:Speed>
              </ns3:TPX>
            </Extensions>
          </Trackpoint>
          <Trackpoint>
            <Time>2026-08-25T06:54:42.000Z</Time>
            <Position>
              <LatitudeDegrees>42.16843142174184</LatitudeDegrees>
              <LongitudeDegrees>-8.61942526884377</LongitudeDegrees>
            </Position>
            <AltitudeMeters>56.0</AltitudeMeters>
            <DistanceMeters>1610.8800048828125</DistanceMeters>
            <HeartRateBpm>
              <Value>119</Value>
            </HeartRateBpm>
            <Extensions>
              <ns3:TPX>
                <ns3:Speed>0.9240000247955322</ns3:Speed>
              </ns3:TPX>
            </Extensions>
          </Trackpoint>
          <Trackpoint>
            <Time>2026-08-25T06:54:45.000Z</Time>
            <Position>
              <LatitudeDegrees>42.16842345893383</LatitudeDegrees>
              <LongitudeDegrees>-8.619413701817393</LongitudeDegrees>
            </Position>
            <AltitudeMeters>56.0</AltitudeMeters>
            <DistanceMeters>1611.27001953125</DistanceMeters>
            <HeartRateBpm>
              <Value>120</Value>
            </HeartRateBpm>
            <Extensions>
              <ns3:TPX>
                <ns3:Speed>0.8299999833106995</ns3:Speed>
              </ns3:TPX>
            </Extensions>
          </Trackpoint>
          <Trackpoint>
            <Time>2026-08-25T06:54:56.000Z</Time>
            <Position>
              <LatitudeDegrees>42.16846293769777</LatitudeDegrees>
              <LongitudeDegrees>-8.619389645755291</LongitudeDegrees>
            </Position>
            <AltitudeMeters>56.0</AltitudeMeters>
            <DistanceMeters>1618.8699951171875</DistanceMeters>
            <HeartRateBpm>
              <Value>120</Value>
            </HeartRateBpm>
            <Extensions>
              <ns3:TPX>
                <ns3:Speed>0.2800000011920929</ns3:Speed>
              </ns3:TPX>
            </Extensions>
          </Trackpoint>
          <Trackpoint>
            <Time>2026-08-25T06:55:03.000Z</Time>
            <Position>
              <LatitudeDegrees>42.16858087107539</LatitudeDegrees>
              <LongitudeDegrees>-8.619354777038097</LongitudeDegrees>
            </Position>
            <AltitudeMeters>55.400001525878906</AltitudeMeters>
            <DistanceMeters>1632.989990234375</DistanceMeters>
            <HeartRateBpm>
              <Value>120</Value>
            </HeartRateBpm>
            <Extensions>
              <ns3:TPX>
                <ns3:Speed>1.9589999914169312</ns3:Speed>
              </ns3:TPX>
            </Extensions>
          </Trackpoint>
          <Trackpoint>
            <Time>2026-08-25T06:55:08.000Z</Time>
            <Position>
              <LatitudeDegrees>42.168648010119796</LatitudeDegrees>
              <LongitudeDegrees>-8.619343126192689</LongitudeDegrees>
            </Position>
            <AltitudeMeters>55.599998474121094</AltitudeMeters>
            <DistanceMeters>1640.489990234375</DistanceMeters>
            <HeartRateBpm>
              <Value>123</Value>
            </HeartRateBpm>
            <Extensions>
              <ns3:TPX>
                <ns3:Speed>1.8940000534057617</ns3:Speed>
              </ns3:TPX>
            </Extensions>
          </Trackpoint>
          <Trackpoint>
            <Time>2026-08-25T06:55:10.000Z</Time>
            <Position>
              <LatitudeDegrees>42.168676340952516</LatitudeDegrees>
              <LongitudeDegrees>-8.619335079565644</LongitudeDegrees>
            </Position>
            <AltitudeMeters>55.400001525878906</AltitudeMeters>
            <DistanceMeters>1643.6300048828125</DistanceMeters>
            <HeartRateBpm>
              <Value>123</Value>
            </HeartRateBpm>
            <Extensions>
              <ns3:TPX>
                <ns3:Speed>1.8940000534057617</ns3:Speed>
              </ns3:TPX>
            </Extensions>
          </Trackpoint>
          <Trackpoint>
            <Time>2026-08-25T06:55:18.000Z</Time>
            <Position>
              <LatitudeDegrees>42.168775079771876</LatitudeDegrees>
              <LongitudeDegrees>-8.619289565831423</LongitudeDegrees>
            </Position>
            <AltitudeMeters>54.599998474121094</AltitudeMeters>
            <DistanceMeters>1655.219970703125</DistanceMeters>
            <HeartRateBpm>
              <Value>121</Value>
            </HeartRateBpm>
            <Extensions>
              <ns3:TPX>
                <ns3:Speed>1.6699999570846558</ns3:Speed>
              </ns3:TPX>
            </Extensions>
          </Trackpoint>
          <Trackpoint>
            <Time>2026-08-25T06:55:23.000Z</Time>
            <Position>
              <LatitudeDegrees>42.168843476101756</LatitudeDegrees>
              <LongitudeDegrees>-8.619289482012391</LongitudeDegrees>
            </Position>
            <AltitudeMeters>54.400001525878906</AltitudeMeters>
            <DistanceMeters>1662.68994140625</DistanceMeters>
            <HeartRateBpm>
              <Value>119</Value>
            </HeartRateBpm>
            <Extensions>
              <ns3:TPX>
                <ns3:Speed>1.5959999561309814</ns3:Speed>
              </ns3:TPX>
            </Extensions>
          </Trackpoint>
          <Trackpoint>
            <Time>2026-08-25T06:55:26.000Z</Time>
            <Position>
              <LatitudeDegrees>42.16888555325568</LatitudeDegrees>
              <LongitudeDegrees>-8.619283027946949</LongitudeDegrees>
            </Position>
            <AltitudeMeters>54.20000076293945</AltitudeMeters>
            <DistanceMeters>1667.6099853515625</DistanceMeters>
            <HeartRateBpm>
              <Value>120</Value>
            </HeartRateBpm>
            <Extensions>
              <ns3:TPX>
                <ns3:Speed>1.5770000219345093</ns3:Speed>
              </ns3:TPX>
            </Extensions>
          </Trackpoint>
          <Trackpoint>
            <Time>2026-08-25T06:55:34.000Z</Time>
            <Position>
              <LatitudeDegrees>42.16897892765701</LatitudeDegrees>
              <LongitudeDegrees>-8.619264420121908</LongitudeDegrees>
            </Position>
            <AltitudeMeters>53.79999923706055</AltitudeMeters>
            <DistanceMeters>1678.25</DistanceMeters>
            <HeartRateBpm>
              <Value>120</Value>
            </HeartRateBpm>
            <Extensions>
              <ns3:TPX>
                <ns3:Speed>1.5299999713897705</ns3:Speed>
              </ns3:TPX>
            </Extensions>
          </Trackpoint>
          <Trackpoint>
            <Time>2026-08-25T06:55:35.000Z</Time>
            <Position>
              <LatitudeDegrees>42.168990494683385</LatitudeDegrees>
              <LongitudeDegrees>-8.619261654093862</LongitudeDegrees>
            </Position>
            <AltitudeMeters>53.599998474121094</AltitudeMeters>
            <DistanceMeters>1679.6400146484375</DistanceMeters>
            <HeartRateBpm>
              <Value>121</Value>
            </HeartRateBpm>
            <Extensions>
              <ns3:TPX>
                <ns3:Speed>1.5299999713897705</ns3:Speed>
              </ns3:TPX>
            </Extensions>
          </Trackpoint>
          <Trackpoint>
            <Time>2026-08-25T06:55:39.000Z</Time>
            <Position>
              <LatitudeDegrees>42.169040283188224</LatitudeDegrees>
              <LongitudeDegrees>-8.619260061532259</LongitudeDegrees>
            </Position>
            <AltitudeMeters>52.79999923706055</AltitudeMeters>
            <DistanceMeters>1685.43994140625</DistanceMeters>
            <HeartRateBpm>
              <Value>119</Value>
            </HeartRateBpm>
            <Extensions>
              <ns3:TPX>
                <ns3:Speed>1.5119999647140503</ns3:Speed>
              </ns3:TPX>
            </Extensions>
          </Trackpoint>
          <Trackpoint>
            <Time>2026-08-25T06:55:42.000Z</Time>
            <Position>
              <LatitudeDegrees>42.16907397843897</LatitudeDegrees>
              <LongitudeDegrees>-8.619270035997033</LongitudeDegrees>
            </Position>
            <AltitudeMeters>52.400001525878906</AltitudeMeters>
            <DistanceMeters>1689.0400390625</DistanceMeters>
            <HeartRateBpm>
              <Value>118</Value>
            </HeartRateBpm>
            <Extensions>
              <ns3:TPX>
                <ns3:Speed>1.5019999742507935</ns3:Speed>
              </ns3:TPX>
            </Extensions>
          </Trackpoint>
          <Trackpoint>
            <Time>2026-08-25T06:55:44.000Z</Time>
            <Position>
              <LatitudeDegrees>42.16908948495984</LatitudeDegrees>
              <LongitudeDegrees>-8.61928847618401</LongitudeDegrees>
            </Position>
            <AltitudeMeters>52.20000076293945</AltitudeMeters>
            <DistanceMeters>1690.8900146484375</DistanceMeters>
            <HeartRateBpm>
              <Value>118</Value>
            </HeartRateBpm>
            <Extensions>
              <ns3:TPX>
                <ns3:Speed>1.4930000305175781</ns3:Speed>
              </ns3:TPX>
            </Extensions>
          </Trackpoint>
          <Trackpoint>
            <Time>2026-08-25T06:55:50.000Z</Time>
            <Position>
              <LatitudeDegrees>42.16909350827336</LatitudeDegrees>
              <LongitudeDegrees>-8.61938763409853</LongitudeDegrees>
            </Position>
            <AltitudeMeters>51.599998474121094</AltitudeMeters>
            <DistanceMeters>1698.9599609375</DistanceMeters>
            <HeartRateBpm>
              <Value>117</Value>
            </HeartRateBpm>
            <Extensions>
              <ns3:TPX>
                <ns3:Speed>1.4459999799728394</ns3:Speed>
              </ns3:TPX>
            </Extensions>
          </Trackpoint>
          <Trackpoint>
            <Time>2026-08-25T06:55:52.000Z</Time>
            <Position>
              <LatitudeDegrees>42.16908051632345</LatitudeDegrees>
              <LongitudeDegrees>-8.619413869455457</LongitudeDegrees>
            </Position>
            <AltitudeMeters>51.400001525878906</AltitudeMeters>
            <DistanceMeters>1701.9100341796875</DistanceMeters>
            <HeartRateBpm>
              <Value>118</Value>
            </HeartRateBpm>
            <Extensions>
              <ns3:TPX>
                <ns3:Speed>1.437000036239624</ns3:Speed>
              </ns3:TPX>
            </Extensions>
          </Trackpoint>
          <Trackpoint>
            <Time>2026-08-25T06:55:58.000Z</Time>
            <Position>
              <LatitudeDegrees>42.169030057266355</LatitudeDegrees>
              <LongitudeDegrees>-8.619476901367307</LongitudeDegrees>
            </Position>
            <AltitudeMeters>50.599998474121094</AltitudeMeters>
            <DistanceMeters>1709.6199951171875</DistanceMeters>
            <HeartRateBpm>
              <Value>118</Value>
            </HeartRateBpm>
            <Extensions>
              <ns3:TPX>
                <ns3:Speed>1.4179999828338623</ns3:Speed>
              </ns3:TPX>
            </Extensions>
          </Trackpoint>
          <Trackpoint>
            <Time>2026-08-25T06:55:59.000Z</Time>
            <Position>
              <LatitudeDegrees>42.16902393847704</LatitudeDegrees>
              <LongitudeDegrees>-8.619488468393683</LongitudeDegrees>
            </Position>
            <AltitudeMeters>50.400001525878906</AltitudeMeters>
            <DistanceMeters>1711.030029296875</DistanceMeters>
            <HeartRateBpm>
              <Value>117</Value>
            </HeartRateBpm>
            <Extensions>
              <ns3:TPX>
                <ns3:Speed>1.4179999828338623</ns3:Speed>
              </ns3:TPX>
            </Extensions>
          </Trackpoint>
          <Trackpoint>
            <Time>2026-08-25T06:56:03.000Z</Time>
            <Position>
              <LatitudeDegrees>42.16898353770375</LatitudeDegrees>
              <LongitudeDegrees>-8.619528450071812</LongitudeDegrees>
            </Position>
            <AltitudeMeters>49.79999923706055</AltitudeMeters>
            <DistanceMeters>1716.239990234375</DistanceMeters>
            <HeartRateBpm>
              <Value>113</Value>
            </HeartRateBpm>
            <Extensions>
              <ns3:TPX>
                <ns3:Speed>1.399999976158142</ns3:Speed>
              </ns3:TPX>
            </Extensions>
          </Trackpoint>
          <Trackpoint>
            <Time>2026-08-25T06:56:04.000Z</Time>
            <Position>
              <LatitudeDegrees>42.1689725574106</LatitudeDegrees>
              <LongitudeDegrees>-8.619532892480493</LongitudeDegrees>
            </Position>
            <AltitudeMeters>49.79999923706055</AltitudeMeters>
            <DistanceMeters>1717.530029296875</DistanceMeters>
            <HeartRateBpm>
              <Value>110</Value>
            </HeartRateBpm>
            <Extensions>
              <ns3:TPX>
                <ns3:Speed>1.399999976158142</ns3:Speed>
              </ns3:TPX>
            </Extensions>
          </Trackpoint>
          <Trackpoint>
            <Time>2026-08-25T06:56:05.000Z</Time>
            <Position>
              <LatitudeDegrees>42.16896057128906</LatitudeDegrees>
              <LongitudeDegrees>-8.619536496698856</LongitudeDegrees>
            </Position>
            <AltitudeMeters>49.599998474121094</AltitudeMeters>
            <DistanceMeters>1719.0</DistanceMeters>
            <HeartRateBpm>
              <Value>107</Value>
            </HeartRateBpm>
            <Extensions>
              <ns3:TPX>
                <ns3:Speed>1.399999976158142</ns3:Speed>
              </ns3:TPX>
            </Extensions>
          </Trackpoint>
          <Trackpoint>
            <Time>2026-08-25T06:56:07.000Z</Time>
            <Position>
              <LatitudeDegrees>42.168937269598246</LatitudeDegrees>
              <LongitudeDegrees>-8.61954789608717</LongitudeDegrees>
            </Position>
            <AltitudeMeters>49.20000076293945</AltitudeMeters>
            <DistanceMeters>1722.02001953125</DistanceMeters>
            <HeartRateBpm>
              <Value>106</Value>
            </HeartRateBpm>
            <Extensions>
              <ns3:TPX>
                <ns3:Speed>1.399999976158142</ns3:Speed>
              </ns3:TPX>
            </Extensions>
          </Trackpoint>
          <Trackpoint>
            <Time>2026-08-25T06:56:12.000Z</Time>
            <Position>
              <LatitudeDegrees>42.168886391445994</LatitudeDegrees>
              <LongitudeDegrees>-8.619587793946266</LongitudeDegrees>
            </Position>
            <AltitudeMeters>48.599998474121094</AltitudeMeters>
            <DistanceMeters>1728.81005859375</DistanceMeters>
            <HeartRateBpm>
              <Value>105</Value>
            </HeartRateBpm>
            <Extensions>
              <ns3:TPX>
                <ns3:Speed>1.3899999856948853</ns3:Speed>
              </ns3:TPX>
            </Extensions>
          </Trackpoint>
          <Trackpoint>
            <Time>2026-08-25T06:56:15.000Z</Time>
            <Position>
              <LatitudeDegrees>42.168898629024625</LatitudeDegrees>
              <LongitudeDegrees>-8.619617717340589</LongitudeDegrees>
            </Position>
            <AltitudeMeters>48.20000076293945</AltitudeMeters>
            <DistanceMeters>1731.8800048828125</DistanceMeters>
            <HeartRateBpm>
              <Value>106</Value>
            </HeartRateBpm>
            <Extensions>
              <ns3:TPX>
                <ns3:Speed>1.38100004196167</ns3:Speed>
              </ns3:TPX>
            </Extensions>
          </Trackpoint>
          <Trackpoint>
            <Time>2026-08-25T06:56:16.000Z</Time>
            <Position>
              <LatitudeDegrees>42.16891061514616</LatitudeDegrees>
              <LongitudeDegrees>-8.619613107293844</LongitudeDegrees>
            </Position>
            <AltitudeMeters>48.20000076293945</AltitudeMeters>
            <DistanceMeters>1733.3800048828125</DistanceMeters>
            <HeartRateBpm>
              <Value>106</Value>
            </HeartRateBpm>
            <Extensions>
              <ns3:TPX>
                <ns3:Speed>1.38100004196167</ns3:Speed>
              </ns3:TPX>
            </Extensions>
          </Trackpoint>
          <Trackpoint>
            <Time>2026-08-25T06:56:21.000Z</Time>
            <Position>
              <LatitudeDegrees>42.168950932100415</LatitudeDegrees>
              <LongitudeDegrees>-8.619608161970973</LongitudeDegrees>
            </Position>
            <AltitudeMeters>48.400001525878906</AltitudeMeters>
            <DistanceMeters>1738.3900146484375</DistanceMeters>
            <HeartRateBpm>
              <Value>107</Value>
            </HeartRateBpm>
            <Extensions>
              <ns3:TPX>
                <ns3:Speed>1.3530000448226929</ns3:Speed>
              </ns3:TPX>
            </Extensions>
          </Trackpoint>
          <Trackpoint>
            <Time>2026-08-25T06:56:25.000Z</Time>
            <Position>
              <LatitudeDegrees>42.16895646415651</LatitudeDegrees>
              <LongitudeDegrees>-8.619602546095848</LongitudeDegrees>
            </Position>
            <AltitudeMeters>48.400001525878906</AltitudeMeters>
            <DistanceMeters>1739.4000244140625</DistanceMeters>
            <HeartRateBpm>
              <Value>107</Value>
            </HeartRateBpm>
            <Extensions>
              <ns3:TPX>
                <ns3:Speed>1.2410000562667847</ns3:Speed>
              </ns3:TPX>
            </Extensions>
          </Trackpoint>
          <Trackpoint>
            <Time>2026-08-25T06:56:28.000Z</Time>
            <Position>
              <LatitudeDegrees>42.16897314414382</LatitudeDegrees>
              <LongitudeDegrees>-8.619603468105197</LongitudeDegrees>
            </Position>
            <AltitudeMeters>48.0</AltitudeMeters>
            <DistanceMeters>1741.1800537109375</DistanceMeters>
            <HeartRateBpm>
              <Value>108</Value>
            </HeartRateBpm>
            <Extensions>
              <ns3:TPX>
                <ns3:Speed>1.128999948501587</ns3:Speed>
              </ns3:TPX>
            </Extensions>
          </Trackpoint>
          <Trackpoint>
            <Time>2026-08-25T06:56:34.000Z</Time>
            <Position>
              <LatitudeDegrees>42.16903676278889</LatitudeDegrees>
              <LongitudeDegrees>-8.6195929069072</LongitudeDegrees>
            </Position>
            <AltitudeMeters>48.20000076293945</AltitudeMeters>
            <DistanceMeters>1748.06005859375</DistanceMeters>
            <HeartRateBpm>
              <Value>108</Value>
            </HeartRateBpm>
            <Extensions>
              <ns3:TPX>
                <ns3:Speed>0.9980000257492065</ns3:Speed>
              </ns3:TPX>
            </Extensions>
          </Trackpoint>
          <Trackpoint>
            <Time>2026-08-25T06:56:41.000Z</Time>
            <Position>
              <LatitudeDegrees>42.16911622323096</LatitudeDegrees>
              <LongitudeDegrees>-8.61960313282907</LongitudeDegrees>
            </Position>
            <AltitudeMeters>48.20000076293945</AltitudeMeters>
            <DistanceMeters>1756.739990234375</DistanceMeters>
            <HeartRateBpm>
              <Value>108</Value>
            </HeartRateBpm>
            <Extensions>
              <ns3:TPX>
                <ns3:Speed>1.1200000047683716</ns3:Speed>
              </ns3:TPX>
            </Extensions>
          </Trackpoint>
          <Trackpoint>
            <Time>2026-08-25T06:56:42.000Z</Time>
            <Position>
              <LatitudeDegrees>42.16912527568638</LatitudeDegrees>
              <LongitudeDegrees>-8.619606401771307</LongitudeDegrees>
            </Position>
            <AltitudeMeters>48.20000076293945</AltitudeMeters>
            <DistanceMeters>1757.6400146484375</DistanceMeters>
            <HeartRateBpm>
              <Value>108</Value>
            </HeartRateBpm>
            <Extensions>
              <ns3:TPX>
                <ns3:Speed>1.194000005722046</ns3:Speed>
              </ns3:TPX>
            </Extensions>
          </Trackpoint>
          <Trackpoint>
            <Time>2026-08-25T06:56:48.000Z</Time>
            <Position>
              <LatitudeDegrees>42.1692003775388</LatitudeDegrees>
              <LongitudeDegrees>-8.619623333215714</LongitudeDegrees>
            </Position>
            <AltitudeMeters>48.400001525878906</AltitudeMeters>
            <DistanceMeters>1766.81005859375</DistanceMeters>
            <HeartRateBpm>
              <Value>108</Value>
            </HeartRateBpm>
            <Extensions>
              <ns3:TPX>
                <ns3:Speed>1.315999984741211</ns3:Speed>
              </ns3:TPX>
            </Extensions>
          </Trackpoint>
          <Trackpoint>
            <Time>2026-08-25T06:56:55.000Z</Time>
            <Position>
              <LatitudeDegrees>42.169270031154156</LatitudeDegrees>
              <LongitudeDegrees>-8.619626769796014</LongitudeDegrees>
            </Position>
            <AltitudeMeters>48.599998474121094</AltitudeMeters>
            <DistanceMeters>1774.5400390625</DistanceMeters>
            <HeartRateBpm>
              <Value>107</Value>
            </HeartRateBpm>
            <Extensions>
              <ns3:TPX>
                <ns3:Speed>1.25</ns3:Speed>
              </ns3:TPX>
            </Extensions>
          </Trackpoint>
          <Trackpoint>
            <Time>2026-08-25T06:57:06.000Z</Time>
            <Position>
              <LatitudeDegrees>42.16937287710607</LatitudeDegrees>
              <LongitudeDegrees>-8.619590057060122</LongitudeDegrees>
            </Position>
            <AltitudeMeters>48.599998474121094</AltitudeMeters>
            <DistanceMeters>1785.06005859375</DistanceMeters>
            <HeartRateBpm>
              <Value>107</Value>
            </HeartRateBpm>
            <Extensions>
              <ns3:TPX>
                <ns3:Speed>1.1759999990463257</ns3:Speed>
              </ns3:TPX>
            </Extensions>
          </Trackpoint>
          <Trackpoint>
            <Time>2026-08-25T06:57:13.000Z</Time>
            <Position>
              <LatitudeDegrees>42.169479662552476</LatitudeDegrees>
              <LongitudeDegrees>-8.619540268555284</LongitudeDegrees>
            </Position>
            <AltitudeMeters>48.79999923706055</AltitudeMeters>
            <DistanceMeters>1797.469970703125</DistanceMeters>
            <HeartRateBpm>
              <Value>109</Value>
            </HeartRateBpm>
            <Extensions>
              <ns3:TPX>
                <ns3:Speed>1.222000002861023</ns3:Speed>
              </ns3:TPX>
            </Extensions>
          </Trackpoint>
          <Trackpoint>
            <Time>2026-08-25T06:57:18.000Z</Time>
            <Position>
              <LatitudeDegrees>42.16957647353411</LatitudeDegrees>
              <LongitudeDegrees>-8.61951319500804</LongitudeDegrees>
            </Position>
            <AltitudeMeters>49.0</AltitudeMeters>
            <DistanceMeters>1809.9300537109375</DistanceMeters>
            <HeartRateBpm>
              <Value>109</Value>
            </HeartRateBpm>
            <Extensions>
              <ns3:TPX>
                <ns3:Speed>1.819000005722046</ns3:Speed>
              </ns3:TPX>
            </Extensions>
          </Trackpoint>
          <Trackpoint>
            <Time>2026-08-25T06:57:25.000Z</Time>
            <Position>
              <LatitudeDegrees>42.169582257047296</LatitudeDegrees>
              <LongitudeDegrees>-8.619411690160632</LongitudeDegrees>
            </Position>
            <AltitudeMeters>49.0</AltitudeMeters>
            <DistanceMeters>1818.760009765625</DistanceMeters>
            <HeartRateBpm>
              <Value>111</Value>
            </HeartRateBpm>
            <Extensions>
              <ns3:TPX>
                <ns3:Speed>1.4739999771118164</ns3:Speed>
              </ns3:TPX>
            </Extensions>
          </Trackpoint>
          <Trackpoint>
            <Time>2026-08-25T06:57:32.000Z</Time>
            <Position>
              <LatitudeDegrees>42.16958116739988</LatitudeDegrees>
              <LongitudeDegrees>-8.619317645207047</LongitudeDegrees>
            </Position>
            <AltitudeMeters>49.20000076293945</AltitudeMeters>
            <DistanceMeters>1826.1800537109375</DistanceMeters>
            <HeartRateBpm>
              <Value>112</Value>
            </HeartRateBpm>
            <Extensions>
              <ns3:TPX>
                <ns3:Speed>1.1009999513626099</ns3:Speed>
              </ns3:TPX>
            </Extensions>
          </Trackpoint>
          <Trackpoint>
            <Time>2026-08-25T06:57:41.000Z</Time>
            <Position>
              <LatitudeDegrees>42.16961855068803</LatitudeDegrees>
              <LongitudeDegrees>-8.61919510178268</LongitudeDegrees>
            </Position>
            <AltitudeMeters>49.599998474121094</AltitudeMeters>
            <DistanceMeters>1836.0400390625</DistanceMeters>
            <HeartRateBpm>
              <Value>111</Value>
            </HeartRateBpm>
            <Extensions>
              <ns3:TPX>
                <ns3:Speed>1.128999948501587</ns3:Speed>
              </ns3:TPX>
            </Extensions>
          </Trackpoint>
          <Trackpoint>
            <Time>2026-08-25T06:57:46.000Z</Time>
            <Position>
              <LatitudeDegrees>42.16963866725564</LatitudeDegrees>
              <LongitudeDegrees>-8.619146570563316</LongitudeDegrees>
            </Position>
            <AltitudeMeters>49.79999923706055</AltitudeMeters>
            <DistanceMeters>1840.8699951171875</DistanceMeters>
            <HeartRateBpm>
              <Value>108</Value>
            </HeartRateBpm>
            <Extensions>
              <ns3:TPX>
                <ns3:Speed>1.1009999513626099</ns3:Speed>
              </ns3:TPX>
            </Extensions>
          </Trackpoint>
          <Trackpoint>
            <Time>2026-08-25T06:57:49.000Z</Time>
            <Position>
              <LatitudeDegrees>42.16963766142726</LatitudeDegrees>
              <LongitudeDegrees>-8.619139697402716</LongitudeDegrees>
            </Position>
            <AltitudeMeters>50.20000076293945</AltitudeMeters>
            <DistanceMeters>1841.3699951171875</DistanceMeters>
            <HeartRateBpm>
              <Value>108</Value>
            </HeartRateBpm>
            <Extensions>
              <ns3:TPX>
                <ns3:Speed>1.0920000076293945</ns3:Speed>
              </ns3:TPX>
            </Extensions>
          </Trackpoint>
          <Trackpoint>
            <Time>2026-08-25T06:57:50.000Z</Time>
            <Position>
              <LatitudeDegrees>42.16963489539921</LatitudeDegrees>
              <LongitudeDegrees>-8.619142044335604</LongitudeDegrees>
            </Position>
            <AltitudeMeters>50.20000076293945</AltitudeMeters>
            <DistanceMeters>1841.3699951171875</DistanceMeters>
            <HeartRateBpm>
              <Value>108</Value>
            </HeartRateBpm>
            <Extensions>
              <ns3:TPX>
                <ns3:Speed>1.0920000076293945</ns3:Speed>
              </ns3:TPX>
            </Extensions>
          </Trackpoint>
          <Trackpoint>
            <Time>2026-08-25T06:57:59.000Z</Time>
            <Position>
              <LatitudeDegrees>42.16963782906532</LatitudeDegrees>
              <LongitudeDegrees>-8.61912620253861</LongitudeDegrees>
            </Position>
            <AltitudeMeters>50.400001525878906</AltitudeMeters>
            <DistanceMeters>1843.260009765625</DistanceMeters>
            <HeartRateBpm>
              <Value>107</Value>
            </HeartRateBpm>
            <Extensions>
              <ns3:TPX>
                <ns3:Speed>0.0</ns3:Speed>
              </ns3:TPX>
            </Extensions>
          </Trackpoint>
          <Trackpoint>
            <Time>2026-08-25T06:58:07.000Z</Time>
            <Position>
              <LatitudeDegrees>42.169666746631265</LatitudeDegrees>
              <LongitudeDegrees>-8.619092423468828</LongitudeDegrees>
            </Position>
            <AltitudeMeters>49.79999923706055</AltitudeMeters>
            <DistanceMeters>1848.8299560546875</DistanceMeters>
            <HeartRateBpm>
              <Value>107</Value>
            </HeartRateBpm>
            <Extensions>
              <ns3:TPX>
                <ns3:Speed>0.0</ns3:Speed>
              </ns3:TPX>
            </Extensions>
          </Trackpoint>
          <Trackpoint>
            <Time>2026-08-25T06:58:10.000Z</Time>
            <Position>
              <LatitudeDegrees>42.169664315879345</LatitudeDegrees>
              <LongitudeDegrees>-8.61906903795898</LongitudeDegrees>
            </Position>
            <AltitudeMeters>50.0</AltitudeMeters>
            <DistanceMeters>1850.5999755859375</DistanceMeters>
            <HeartRateBpm>
              <Value>104</Value>
            </HeartRateBpm>
            <Extensions>
              <ns3:TPX>
                <ns3:Speed>0.0</ns3:Speed>
              </ns3:TPX>
            </Extensions>
          </Trackpoint>
          <Trackpoint>
            <Time>2026-08-25T06:58:13.000Z</Time>
            <Position>
              <LatitudeDegrees>42.16966062784195</LatitudeDegrees>
              <LongitudeDegrees>-8.619053363800049</LongitudeDegrees>
            </Position>
            <AltitudeMeters>50.20000076293945</AltitudeMeters>
            <DistanceMeters>1851.8800048828125</DistanceMeters>
            <HeartRateBpm>
              <Value>105</Value>
            </HeartRateBpm>
            <Extensions>
              <ns3:TPX>
                <ns3:Speed>0.597000002861023</ns3:Speed>
              </ns3:TPX>
            </Extensions>
          </Trackpoint>
        </Track>
        <Extensions>
          <ns3:LX>
            <ns3:AvgSpeed>1.1449999809265137</ns3:AvgSpeed>
            <ns3:AvgRunCadence>39</ns3:AvgRunCadence>
            <ns3:MaxRunCadence>75</ns3:MaxRunCadence>
          </ns3:LX>
        </Extensions>
      </Lap>
      <Creator xsi:type="Device_t">
        <Name>Forerunner 165 Music</Name>
        <UnitId>3510357497</UnitId>
        <ProductID>4433</ProductID>
        <Version>
          <VersionMajor>28</VersionMajor>
          <VersionMinor>5</VersionMinor>
          <BuildMajor>0</BuildMajor>
          <BuildMinor>0</BuildMinor>
        </Version>
      </Creator>
    </Activity>
  </Activities>
  <Author xsi:type="Application_t">
    <Name>Connect Api</Name>
    <Build>
      <Version>
        <VersionMajor>26</VersionMajor>
        <VersionMinor>16</VersionMinor>
        <BuildMajor>0</BuildMajor>
        <BuildMinor>0</BuildMinor>
      </Version>
    </Build>
    <LangID>en</LangID>
    <PartNumber>006-D2449-00</PartNumber>
  </Author>
</TrainingCenterDatabase>
